"MasVnrArea","YearBuilt","SalePrice","MSZoning","MSZoningC..all.","MSZoningFV","MSZoningRH","MSZoningRL","MSZoningRM"
196,0.949275362318841,12.247694320221,"RL",0,0,0,1,0
0,0.753623188405797,12.109010932687,"RL",0,0,0,1,0
162,0.934782608695652,12.3171666930358,"RL",0,0,0,1,0
0,0.311594202898551,11.8493977015914,"RL",0,0,0,1,0
350,0.927536231884058,12.4292161968444,"RL",0,0,0,1,0
0,0.876811594202899,11.870599909242,"RL",0,0,0,1,0
186,0.956521739130435,12.6346030265693,"RL",0,0,0,1,0
240,0.731884057971015,12.2060726455302,"RL",0,0,0,1,0
0,0.427536231884058,11.7745202026587,"RM",0,0,0,0,1
0,0.485507246376812,11.6784399034478,"RL",0,0,0,1,0
0,0.673913043478261,11.7714361601217,"RL",0,0,0,1,0
286,0.963768115942029,12.7512996960135,"RL",0,0,0,1,0
0,0.652173913043478,11.8775685785581,"RL",0,0,0,1,0
306,0.971014492753623,12.5407575715773,"RL",0,0,0,1,0
212,0.63768115942029,11.9640010843304,"RL",0,0,0,1,0
0,0.41304347826087,11.7905572015685,"RM",0,0,0,0,1
180,0.710144927536232,11.9117015849276,"RL",0,0,0,1,0
0,0.688405797101449,11.4075649493124,"RL",0,0,0,1,0
0,0.956521739130435,11.9766594812024,"RL",0,0,0,1,0
0,0.623188405797101,11.8422292121128,"RL",0,0,0,1,0
380,0.963768115942029,12.6925031124614,"RL",0,0,0,1,0
0,0.420289855072464,11.8451027773086,"RM",0,0,0,0,1
281,0.942028985507246,12.3458345879053,"RL",0,0,0,1,0
0,0.753623188405797,11.7745202026587,"RM",0,0,0,0,1
0,0.695652173913043,11.9447078813958,"RL",0,0,0,1,0
640,0.978260869565217,12.4541039123522,"RL",0,0,0,1,0
0,0.572463768115942,11.8115474774603,"RL",0,0,0,1,0
200,0.978260869565217,12.6313403809345,"RL",0,0,0,1,0
0,0.615942028985507,12.2428866186529,"RL",0,0,0,1,0
0,0.398550724637681,11.1345890242503,"RM",0,0,0,0,1
0,0.681159420289855,11.9140478236443,"RL",0,0,0,1,0
0,0.978260869565217,12.1001564199386,"RL",0,0,0,1,0
0,0.630434782608696,12.0167264737993,"RL",0,0,0,1,0
246,0.963768115942029,12.5335762121686,"RL",0,0,0,1,0
132,0.956521739130435,12.6410965558799,"RL",0,0,0,1,0
0,0.884057971014493,11.8844890214027,"RL",0,0,0,1,0
650,0.594202898550725,11.9381932003746,"RL",0,0,0,1,0
0,0.58695652173913,11.5991031612113,"RL",0,0,0,1,0
0,0.601449275362319,11.3144745262464,"RL",0,0,0,1,0
101,0.673913043478261,11.982929094216,"RL",0,0,0,1,0
0,0.630434782608696,12.0435537160324,"RL",0,0,0,1,0
0,0.804347826086957,11.8775685785581,"RL",0,0,0,1,0
0,0.746376811594203,11.7772109596156,"RL",0,0,0,1,0
0,0.630434782608696,11.8565151693603,"RL",0,0,0,1,0
412,0.963768115942029,12.6757637259376,"RL",0,0,0,1,0
0,0.949275362318841,12.3870850123755,"RL",0,0,0,1,0
0,0.971014492753623,12.4280154762679,"FV",0,1,0,0,0
0,0.347826086956522,11.6351430976945,"RM",0,0,0,0,1
0,0.681159420289855,11.7519423654407,"RL",0,0,0,1,0
0,0.905797101449275,12.083905011556,"RL",0,0,0,1,0
0,0.449275362318841,11.6483301019764,"RM",0,0,0,0,1
0,0.659420289855073,11.6082356447746,"RM",0,0,0,0,1
0,0.789855072463768,12.8609986132699,"RL",0,0,0,1,0
0,0.601449275362319,11.7752897294377,"RL",0,0,0,1,0
272,0.666666666666667,12.1034860567551,"RL",0,0,0,1,0
456,0.920289855072464,12.0581525154536,"FV",0,1,0,0,0
0,0.956521739130435,12.1884177102915,"RL",0,0,0,1,0
1031,0.971014492753623,12.9917534274931,"RL",0,0,0,1,0
0,0.72463768115942,11.7352686961137,"RL",0,0,0,1,0
0,0.956521739130435,11.9703503120091,"RL",0,0,0,1,0
0,0.347826086956522,11.5228757958234,"RM",0,0,0,0,1
178,0.971014492753623,12.2184951655287,"RL",0,0,0,1,0
0,0.355072463768116,11.8493977015914,"RM",0,0,0,0,1
573,0.905797101449275,12.2991075114974,"RL",0,0,0,1,0
344,0.956521739130435,12.6666570528594,"RL",0,0,0,1,0
287,0.710144927536232,12.1007121298723,"RL",0,0,0,1,0
167,0.949275362318841,12.3282902782544,"RL",0,0,0,1,0
0,0.528985507246377,11.289781913656,"RM",0,0,0,0,1
0,0.58695652173913,12.3238556811866,"RL",0,0,0,1,0
1115,0.731884057971015,12.4049235042753,"RL",0,0,0,1,0
0,0.797101449275362,11.7714361601217,"RL",0,0,0,1,0
40,0.91304347826087,12.1281111040605,"RL",0,0,0,1,0
104,0.594202898550725,11.8837991283088,"RL",0,0,0,1,0
0,0.311594202898551,11.5843154610569,"RM",0,0,0,0,1
0,0.731884057971015,11.418614785499,"RM",0,0,0,0,1
0,0.608695652173913,11.8185702377962,"RL",0,0,0,1,0
0,0.550724637681159,11.7519423654407,"RM",0,0,0,0,1
0,0.695652173913043,11.8240798936072,"RL",0,0,0,1,0
0,0.27536231884058,11.6082356447746,"RM",0,0,0,0,1
576,0.695652173913043,12.173032791452,"RL",0,0,0,1,0
443,0.91304347826087,11.9414558460094,"RM",0,0,0,0,1
468,0.978260869565217,12.4090134895269,"RL",0,0,0,1,0
66,0.63768115942029,11.7479975871497,"RL",0,0,0,1,0
22,0.891304347826087,12.0346910287746,"RL",0,0,0,1,0
284,0.86231884057971,12.4684369099977,"RL",0,0,0,1,0
0,0.963768115942029,12.0668105781967,"RL",0,0,0,1,0
76,0.992753623188406,12.0106658491876,"FV",0,1,0,0,0
0,0.311594202898551,11.3504065354725,"C (all)",1,0,0,0,0
0,0.884057971014493,11.7248058240057,"RL",0,0,0,1,0
0,0.565217391304348,11.6073261403917,"RL",0,0,0,1,0
203,0.644927536231884,11.4988265405907,"RL",0,0,0,1,0
0,0.355072463768116,12.0045682693194,"RL",0,0,0,1,0
0,0.27536231884058,11.8048485316793,"C (all)",1,0,0,0,0
0,0.905797101449275,12.2295450017153,"RL",0,0,0,1,0
68,0.876811594202899,12.1281111040605,"RL",0,0,0,1,0
183,0.920289855072464,12.273731294004,"RL",0,0,0,1,0
48,0.673913043478261,11.4589971229447,"RL",0,0,0,1,0
0,0.347826086956522,11.3265958867787,"RL",0,0,0,1,0
0,0.630434782608696,11.7671800113095,"RL",0,0,0,1,0
28,0.760869565217391,12.2307652581205,"RL",0,0,0,1,0
336,0.818840579710145,12.0895388292742,"RL",0,0,0,1,0
0,0.77536231884058,11.6865762053166,"RL",0,0,0,1,0
0,0.992753623188406,12.2005574648421,"RL",0,0,0,1,0
600,0.427536231884058,12.0406082058026,"RM",0,0,0,0,1
768,0.949275362318841,12.4292161968444,"FV",0,1,0,0,0
0,0.0942028985507246,11.5129254649702,"RM",0,0,0,0,1
0,0.550724637681159,11.6526874073454,"RM",0,0,0,0,1
0,0.340579710144928,11.6526874073454,"RM",0,0,0,0,1
480,0.760869565217391,12.1547793511426,"RL",0,0,0,1,0
0,0.594202898550725,11.8270060112765,"RL",0,0,0,1,0
0,0.927536231884058,12.1007121298723,"RL",0,0,0,1,0
220,0.978260869565217,12.8583197035179,"RL",0,0,0,1,0
184,0.58695652173913,12.2876526325226,"RL",0,0,0,1,0
0,0.528985507246377,12.4665119815881,"RL",0,0,0,1,0
1129,0.920289855072464,12.0782392740203,"FV",0,1,0,0,0
116,0.652173913043478,11.8422292121128,"RL",0,0,0,1,0
0,0.971014492753623,11.9511803959014,"RL",0,0,0,1,0
0,0.855072463768116,12.6760762747759,"RL",0,0,0,1,0
0,0.963768115942029,12.0075607293375,"RL",0,0,0,1,0
0,0.702898550724638,12.1007121298723,"RL",0,0,0,1,0
0,0.485507246376812,11.5129254649702,"RM",0,0,0,0,1
135,0.623188405797101,11.8204101647182,"RL",0,0,0,1,0
0,0.876811594202899,11.944058319827,"RL",0,0,0,1,0
0,0.77536231884058,12.106252310248,"RL",0,0,0,1,0
0,0.456521739130435,11.3445068133453,"RM",0,0,0,0,1
0,0.753623188405797,11.7597855429018,"RL",0,0,0,1,0
0,0.420289855072464,11.3736633976367,"RM",0,0,0,0,1
266,0.681159420289855,11.9511803959014,"RL",0,0,0,1,0
85,0.623188405797101,11.9183905730784,"RL",0,0,0,1,0
309,0.681159420289855,12.3282902782544,"RL",0,0,0,1,0
40,0.927536231884058,12.4049235042753,"RL",0,0,0,1,0
0,0.630434782608696,11.9233781145894,"RL",0,0,0,1,0
136,0.934782608695652,12.3013828253345,"RL",0,0,0,1,0
0,0.695652173913043,12.1007121298723,"RL",0,0,0,1,0
288,0.710144927536232,12.0668105781967,"RL",0,0,0,1,0
196,0.688405797101449,11.870599909242,"RL",0,0,0,1,0
70,0.840579710144927,12.0494188354848,"RL",0,0,0,1,0
320,0.920289855072464,12.3458345879053,"RL",0,0,0,1,0
0,0.905797101449275,12.3523351525084,"RL",0,0,0,1,0
0,0.717391304347826,11.6526874073454,"RL",0,0,0,1,0
0,0.963768115942029,12.4684369099977,"RL",0,0,0,1,0
0,0.579710144927536,12.0197430673387,"RL",0,0,0,1,0
183,0.920289855072464,12.2258752728264,"RL",0,0,0,1,0
336,0.659420289855073,11.7360690162844,"RM",0,0,0,0,1
50,0.956521739130435,11.7752897294377,"RM",0,0,0,0,1
0,0.427536231884058,11.5617156291397,"RM",0,0,0,0,1
180,0.934782608695652,12.3126823805884,"RL",0,0,0,1,0
120,0.956521739130435,11.8565151693603,"RL",0,0,0,1,0
0,0.463768115942029,11.6526874073454,"RM",0,0,0,0,1
0,0.746376811594203,11.7117763237154,"RL",0,0,0,1,0
436,0.978260869565217,12.8277291949399,"RL",0,0,0,1,0
252,0.717391304347826,12.1547793511426,"RL",0,0,0,1,0
0,0.63768115942029,12.3673407931263,"RL",0,0,0,1,0
0,0.369565217391304,11.7360690162844,"RM",0,0,0,0,1
0,0.376811594202899,11.2772031314492,"RL",0,0,0,1,0
0,0.565217391304348,11.6036798282387,"RL",0,0,0,1,0
84,0.992753623188406,12.5043236693312,"RL",0,0,0,1,0
0,0.956521739130435,12.4486265903642,"FV",0,1,0,0,0
456,0.963768115942029,12.6760762747759,"RL",0,0,0,1,0
0,0.811594202898551,11.9984332807519,"RL",0,0,0,1,0
664,0.949275362318841,12.9299914847569,"RL",0,0,0,1,0
226,0.963768115942029,12.3013828253345,"RL",0,0,0,1,0
0,0.608695652173913,11.5444241320296,"RL",0,0,0,1,0
0,0.391304347826087,11.9316357998284,"RM",0,0,0,0,1
0,0.492753623188406,11.7558716435806,"RL",0,0,0,1,0
0,0.601449275362319,12.1547793511426,"RL",0,0,0,1,0
300,0.978260869565217,12.6934986204678,"RL",0,0,0,1,0
0,0.956521739130435,12.1199699464768,"RL",0,0,0,1,0
653,0.789855072463768,12.3371009079366,"RL",0,0,0,1,0
0,0.5,11.7636841833174,"RM",0,0,0,0,1
112,0.63768115942029,12.2783933071098,"RL",0,0,0,1,0
0,0.833333333333333,12.3842188309136,"RL",0,0,0,1,0
491,0.644927536231884,12.0015054797889,"RL",0,0,0,1,0
132,0.826086956521739,12.1226910365911,"RL",0,0,0,1,0
0,0.565217391304348,12.4008167223227,"RL",0,0,0,1,0
268,0.840579710144927,12.2596134124582,"RL",0,0,0,1,0
0,0.623188405797101,12.0581525154536,"RL",0,0,0,1,0
0,0.369565217391304,11.5129254649702,"RM",0,0,0,0,1
456,0.927536231884058,12.083905011556,"FV",0,1,0,0,0
0,0.347826086956522,12.2065725205718,"RL",0,0,0,1,0
98,0.615942028985507,11.6952470217642,"RL",0,0,0,1,0
0,0.949275362318841,12.2060726455302,"RM",0,0,0,0,1
0,0.260869565217391,11.7519423654407,"RL",0,0,0,1,0
0,0.855072463768116,12.0610468734799,"RL",0,0,0,1,0
0,0.318840579710145,11.8130300574206,"RL",0,0,0,1,0
275,0.77536231884058,11.9403933925547,"RL",0,0,0,1,0
0,0.934782608695652,12.563747089802,"RL",0,0,0,1,0
0,0.434782608695652,12.6603279178078,"RL",0,0,0,1,0
138,0.72463768115942,12.1226910365911,"RL",0,0,0,1,0
0,0.920289855072464,12.1652506510099,"RL",0,0,0,1,0
50,0.956521739130435,11.7752897294377,"RM",0,0,0,0,1
0,0.72463768115942,11.7519423654407,"RL",0,0,0,1,0
0,0.753623188405797,11.9083402372249,"RL",0,0,0,1,0
205,0.978260869565217,12.6503481262032,"RL",0,0,0,1,0
0,0.333333333333333,12.3673407931263,"RL",0,0,0,1,0
0,0.289855072463768,11.5521461781235,"RM",0,0,0,0,1
262,0.956521739130435,12.5241626741533,"RL",0,0,0,1,0
0,0.949275362318841,11.8493977015914,"RM",0,0,0,0,1
0,0.760869565217391,12.0523385455881,"RL",0,0,0,1,0
0,0.376811594202899,11.6262541502772,"RL",0,0,0,1,0
205,0.956521739130435,11.9117015849276,"RM",0,0,0,0,1
0,0.543478260869565,11.6082356447746,"RM",0,0,0,0,1
0,0.855072463768116,12.1034860567551,"RL",0,0,0,1,0
0,0.652173913043478,11.8768738928755,"RL",0,0,0,1,0
0,0.63768115942029,11.8565151693603,"RL",0,0,0,1,0
128,0.840579710144927,12.5317727851695,"RL",0,0,0,1,0
260,0.666666666666667,11.8844890214027,"RL",0,0,0,1,0
0,0.384057971014493,11.4927227576527,"RL",0,0,0,1,0
0,0.992753623188406,12.1335019526953,"RL",0,0,0,1,0
0,0.992753623188406,12.4398712298317,"FV",0,1,0,0,0
0,0.891304347826087,11.9576112862317,"RL",0,0,0,1,0
153,0.760869565217391,11.9938072123631,"RL",0,0,0,1,0
64,0.615942028985507,11.808947661697,"RL",0,0,0,1,0
266,0.956521739130435,12.2548628096996,"RL",0,0,0,1,0
0,0.384057971014493,11.580584113444,"RM",0,0,0,0,1
312,0.485507246376812,12.6491546172096,"RL",0,0,0,1,0
16,0.963768115942029,12.0271851854705,"RL",0,0,0,1,0
0,0.971014492753623,12.230277334227,"RL",0,0,0,1,0
0,0.942028985507246,12.2060726455302,"RL",0,0,0,1,0
0,0.746376811594203,12.1001564199386,"RL",0,0,0,1,0
0,0.717391304347826,11.4824662574855,"RL",0,0,0,1,0
922,0.949275362318841,12.8642401071941,"RL",0,0,0,1,0
142,0.717391304347826,11.6262541502772,"RM",0,0,0,0,1
290,0.891304347826087,12.5776362019627,"RL",0,0,0,1,0
127,0.710144927536232,11.5711943730942,"RM",0,0,0,0,1
0,0.688405797101449,11.7360690162844,"RL",0,0,0,1,0
16,0.963768115942029,12.16785143271,"RL",0,0,0,1,0
220,0.630434782608696,11.9049675527463,"RL",0,0,0,1,0
506,0.891304347826087,12.9066918409288,"RL",0,0,0,1,0
297,0.72463768115942,11.4563551134818,"RM",0,0,0,0,1
0,0.753623188405797,11.7613468234687,"RL",0,0,0,1,0
604,0.717391304347826,11.4019939042629,"RM",0,0,0,0,1
98,0.956521739130435,12.1308101610296,"RL",0,0,0,1,0
0,0.876811594202899,12.1781874420406,"RL",0,0,0,1,0
254,0.978260869565217,12.6698066617623,"RL",0,0,0,1,0
0,0.528985507246377,11.6351430976945,"RL",0,0,0,1,0
36,0.985507246376812,12.4780063610138,"FV",0,1,0,0,0
0,0.528985507246377,11.6127707999399,"RM",0,0,0,0,1
0,0.202898550724638,11.2772031314492,"RM",0,0,0,0,1
0,0.782608695652174,11.6952470217642,"RL",0,0,0,1,0
0,0.884057971014493,12.2307652581205,"RL",0,0,0,1,0
102,0.840579710144927,12.3946247520748,"RL",0,0,0,1,0
0,0.27536231884058,11.8277362048103,"RM",0,0,0,0,1
0,0.594202898550725,11.8493977015914,"RL",0,0,0,1,0
101,0.949275362318841,12.1007121298723,"RL",0,0,0,1,0
472,0.623188405797101,12.5317727851695,"RL",0,0,0,1,0
0,0.492753623188406,11.2450460198146,"RL",0,0,0,1,0
481,0.971014492753623,12.3673407931263,"RM",0,0,0,0,1
0,0.956521739130435,12.0610468734799,"RL",0,0,0,1,0
108,0.666666666666667,11.9703503120091,"RL",0,0,0,1,0
0,0.615942028985507,11.8844890214027,"RL",0,0,0,1,0
302,0.920289855072464,12.3458345879053,"RL",0,0,0,1,0
0,0.949275362318841,12.2428866186529,"FV",0,1,0,0,0
180,0.971014492753623,12.3013828253345,"RL",0,0,0,1,0
172,0.934782608695652,12.3523351525084,"RL",0,0,0,1,0
0,0.608695652173913,11.4824662574855,"RM",0,0,0,0,1
399,0.652173913043478,12.0782392740203,"RL",0,0,0,1,0
270,0.978260869565217,12.5281561446993,"RL",0,0,0,1,0
46,0.760869565217391,11.9250351157971,"RL",0,0,0,1,0
0,0.41304347826087,11.7752897294377,"RM",0,0,0,0,1
0,0.384057971014493,11.1982147201305,"RM",0,0,0,0,1
210,0.789855072463768,12.0753943218881,"RL",0,0,0,1,0
0,0.905797101449275,12.1281111040605,"RL",0,0,0,1,0
0,0.485507246376812,12.0979304869105,"RL",0,0,0,1,0
0,0.492753623188406,11.6994050319128,"RM",0,0,0,0,1
174,0.753623188405797,11.9049675527463,"RL",0,0,0,1,0
0,0.971014492753623,12.4912515877638,"FV",0,1,0,0,0
0,0.594202898550725,12.3946247520748,"RL",0,0,0,1,0
348,0.920289855072464,12.5776362019627,"RL",0,0,0,1,0
183,0.623188405797101,11.8422292121128,"RL",0,0,0,1,0
0,0.797101449275362,11.7320609948869,"RL",0,0,0,1,0
0,0.384057971014493,12.2307652581205,"RL",0,0,0,1,0
0,0.949275362318841,12.2110601870412,"RL",0,0,0,1,0
0,0.572463768115942,11.8565151693603,"RL",0,0,0,1,0
315,0.971014492753623,12.9367516138114,"RL",0,0,0,1,0
299,0.760869565217391,12.1652506510099,"RL",0,0,0,1,0
340,0.847826086956522,12.3392914893164,"RL",0,0,0,1,0
68,0.971014492753623,12.1281111040605,"FV",0,1,0,0,0
166,0.978260869565217,12.2428866186529,"RL",0,0,0,1,0
72,0.985507246376812,12.4073795022352,"RL",0,0,0,1,0
0,0.869565217391304,12.096257779523,"RL",0,0,0,1,0
0,0.971014492753623,12.0118809161657,"FV",0,1,0,0,0
0,0.652173913043478,11.9766594812024,"RL",0,0,0,1,0
0,0.717391304347826,11.3850920934603,"RL",0,0,0,1,0
31,0.688405797101449,11.7117763237154,"RL",0,0,0,1,0
0,0.311594202898551,11.9419443260321,"RL",0,0,0,1,0
0,0.971014492753623,12.3597803701244,"RL",0,0,0,1,0
0,0.289855072463768,11.8196746001392,"RL",0,0,0,1,0
0,0.557971014492754,11.7829526021833,"RL",0,0,0,1,0
34,0.760869565217391,12.3673407931263,"RL",0,0,0,1,0
238,0.58695652173913,12.0257490913989,"RL",0,0,0,1,0
0,0.811594202898551,11.8670972786908,"RL",0,0,0,1,0
0,0.565217391304348,11.9316357998284,"RM",0,0,0,0,1
1600,0.905797101449275,12.3842188309136,"FV",0,1,0,0,0
365,0.695652173913043,12.0725412529057,"RL",0,0,0,1,0
0,0.565217391304348,11.9735098722995,"RL",0,0,0,1,0
56,0.58695652173913,11.9640010843304,"RL",0,0,0,1,0
0,0.91304347826087,12.4950039373824,"RL",0,0,0,1,0
150,0.934782608695652,12.2307652581205,"RL",0,0,0,1,0
0,0.72463768115942,11.9177236840907,"RL",0,0,0,1,0
0,0.0579710144927536,12.594730635322,"RM",0,0,0,0,1
246,0.956521739130435,12.631013530139,"RL",0,0,0,1,0
246,0.855072463768116,12.3238556811866,"RL",0,0,0,1,0
0,0.347826086956522,11.4019939042629,"RM",0,0,0,0,1
0,0.492753623188406,11.3205535723228,"RL",0,0,0,1,0
0,0.949275362318841,12.7938593104323,"RL",0,0,0,1,0
112,0.876811594202899,12.0173305209333,"RL",0,0,0,1,0
0,0.550724637681159,11.7905572015685,"RL",0,0,0,1,0
0,0.485507246376812,11.6944133410156,"RM",0,0,0,0,1
0,0.673913043478261,12.8346813049525,"RL",0,0,0,1,0
0,0.384057971014493,12.0895388292742,"RM",0,0,0,0,1
0,0.956521739130435,12.1468532858702,"RL",0,0,0,1,0
278,0.782608695652174,12.4684369099977,"RL",0,0,0,1,0
0,0.971014492753623,12.5061772379805,"FV",0,1,0,0,0
256,0.876811594202899,12.4684369099977,"RL",0,0,0,1,0
225,0.782608695652174,12.1415341243926,"RL",0,0,0,1,0
370,0.971014492753623,12.7444443677961,"RL",0,0,0,1,0
388,0.956521739130435,12.7770521921159,"RL",0,0,0,1,0
172,0.826086956521739,12.614865543731,"RL",0,0,0,1,0
0,0.601449275362319,11.7454251112085,"RM",0,0,0,0,1
300,0.688405797101449,12.3966930051388,"RL",0,0,0,1,0
0,0.5,11.3736633976367,"RM",0,0,0,0,1
0,0.876811594202899,12.6884987947745,"RL",0,0,0,1,0
175,0.63768115942029,11.8862116747142,"RL",0,0,0,1,0
0,0.318840579710145,12.2760650173502,"RL",0,0,0,1,0
0,0.347826086956522,11.2644641056717,"RM",0,0,0,0,1
84,0.666666666666667,11.6868787720937,"RL",0,0,0,1,0
0,0.623188405797101,11.8422292121128,"RL",0,0,0,1,0
296,0.949275362318841,12.5567295171433,"RL",0,0,0,1,0
146,0.956521739130435,12.2404740722475,"RM",0,0,0,0,1
0,0.91304347826087,12.1652506510099,"RL",0,0,0,1,0
0,0.673913043478261,12.3412589180852,"RL",0,0,0,1,0
200,0.963768115942029,12.8411298019654,"RL",0,0,0,1,0
113,0.942028985507246,12.273731294004,"RL",0,0,0,1,0
0,0.811594202898551,12.2184951655287,"RL",0,0,0,1,0
176,0.623188405797101,11.9511803959014,"RL",0,0,0,1,0
0,0.942028985507246,12.2204685258139,"RL",0,0,0,1,0
0,0.565217391304348,11.3144745262464,"RH",0,0,1,0,0
340,0.557971014492754,11.3793940723457,"RL",0,0,0,1,0
616,0.963768115942029,12.4912515877638,"RL",0,0,0,1,0
0,0.753623188405797,11.3504065354725,"RM",0,0,0,0,1
0,0.485507246376812,11.8508252535826,"RL",0,0,0,1,0
0,0.63768115942029,11.9283409039316,"RL",0,0,0,1,0
30,0.63768115942029,11.9671807372478,"RL",0,0,0,1,0
106,0.949275362318841,11.9447078813958,"RL",0,0,0,1,0
870,0.963768115942029,12.9880408147445,"RL",0,0,0,1,0
362,0.978260869565217,12.6699984672658,"RL",0,0,0,1,0
0,0.826086956521739,12.1547793511426,"RL",0,0,0,1,0
0,0.5,11.4616321705827,"RL",0,0,0,1,0
0,0.405797101449275,11.5702505315895,"RM",0,0,0,0,1
0,0.492753623188406,11.8493977015914,"RL",0,0,0,1,0
0,0.891304347826087,12.0867258878976,"RL",0,0,0,1,0
106,0.869565217391304,12.0610468734799,"RL",0,0,0,1,0
0,0.753623188405797,11.805595078933,"RM",0,0,0,0,1
120,0.623188405797101,11.7752897294377,"RL",0,0,0,1,0
530,0.91304347826087,12.5425448821514,"RL",0,0,0,1,0
0,0.768115942028985,11.9576112862317,"RL",0,0,0,1,0
0,0.492753623188406,11.8844890214027,"RL",0,0,0,1,0
500,0.949275362318841,12.1985443791094,"RL",0,0,0,1,0
510,0.72463768115942,11.6784399034478,"RM",0,0,0,0,1
120,0.753623188405797,12.1547793511426,"RL",0,0,0,1,0
0,0.347826086956522,11.8981878657609,"RM",0,0,0,0,1
247,0.659420289855073,11.9766594812024,"RL",0,0,0,1,0
305,0.652173913043478,12.0137007528827,"RL",0,0,0,1,0
200,0.594202898550725,11.7905572015685,"RL",0,0,0,1,0
0,0.630434782608696,11.9953516142145,"RL",0,0,0,1,0
0,0.927536231884058,12.0575726372117,"RL",0,0,0,1,0
0,0.630434782608696,11.8088137739691,"RL",0,0,0,1,0
0,0.811594202898551,11.7360690162844,"RL",0,0,0,1,0
0,0.58695652173913,11.7199396343546,"RL",0,0,0,1,0
0,0.949275362318841,12.2991075114974,"RL",0,0,0,1,0
0,0.898550724637681,11.9049675527463,"RL",0,0,0,1,0
0,0.956521739130435,12.7367008965923,"FV",0,1,0,0,0
350,1,12.8852020343219,"RL",0,0,0,1,0
16,0.927536231884058,12.0951410848229,"RL",0,0,0,1,0
0,0.376811594202899,11.7519423654407,"RL",0,0,0,1,0
0,0.971014492753623,12.1428665696264,"FV",0,1,0,0,0
0,0.971014492753623,12.2713921116508,"RL",0,0,0,1,0
0,0.405797101449275,11.2384886192685,"RH",0,0,1,0,0
0,0.869565217391304,12.3883942023241,"RL",0,0,0,1,0
16,0.956521739130435,12.1652506510099,"RL",0,0,0,1,0
0,0.27536231884058,11.3022044336546,"RL",0,0,0,1,0
255,0.753623188405797,11.7360690162844,"RL",0,0,0,1,0
125,0.920289855072464,12.1600287070288,"RL",0,0,0,1,0
272,0.978260869565217,12.9621946252515,"RL",0,0,0,1,0
0,0.202898550724638,11.6868787720937,"RL",0,0,0,1,0
0,0.934782608695652,12.2783933071098,"RL",0,0,0,1,0
0,0.630434782608696,11.5759002641316,"RL",0,0,0,1,0
0,0.5,11.5129254649702,"RL",0,0,0,1,0
0,0.492753623188406,11.5991031612113,"RL",0,0,0,1,0
0,0.608695652173913,11.7675676833438,"RL",0,0,0,1,0
0,0.72463768115942,11.7199396343546,"RL",0,0,0,1,0
288,0.652173913043478,12.0406082058026,"RL",0,0,0,1,0
0,0.347826086956522,11.1124478983731,"RM",0,0,0,0,1
100,0.971014492753623,12.3925522124728,"FV",0,1,0,0,0
0,0.898550724637681,12.4110522262167,"RL",0,0,0,1,0
0,0.963768115942029,12.0136401449855,"RL",0,0,0,1,0
0,0.492753623188406,11.5898865061064,"RL",0,0,0,1,0
650,0.91304347826087,12.4607148639038,"RL",0,0,0,1,0
0,0.891304347826087,12.0317192583854,"RL",0,0,0,1,0
0,0.753623188405797,11.9183905730784,"RL",0,0,0,1,0
0,0.463768115942029,11.6526874073454,"RL",0,0,0,1,0
0,0.311594202898551,12.083905011556,"RL",0,0,0,1,0
350,0.971014492753623,12.5425448821514,"RL",0,0,0,1,0
100,0.978260869565217,12.7359653320134,"FV",0,1,0,0,0
0,0.601449275362319,11.8844890214027,"RL",0,0,0,1,0
432,0.992753623188406,12.3104326608544,"FV",0,1,0,0,0
0,0.398550724637681,11.6526874073454,"RM",0,0,0,0,1
0,0.876811594202899,12.3371009079366,"RL",0,0,0,1,0
0,0.978260869565217,12.1069923678295,"RL",0,0,0,1,0
203,0.768115942028985,11.9150516718129,"RL",0,0,0,1,0
0,0.333333333333333,12.3842188309136,"RL",0,0,0,1,0
0,0.492753623188406,11.7440371859336,"RL",0,0,0,1,0
0,0.695652173913043,11.8635823365834,"RL",0,0,0,1,0
200,0.905797101449275,12.2370866990593,"RM",0,0,0,0,1
126,0.760869565217391,12.2783933071098,"RL",0,0,0,1,0
0,0.594202898550725,11.6351430976945,"RL",0,0,0,1,0
473,0.91304347826087,12.6603279178078,"RL",0,0,0,1,0
74,0.608695652173913,11.8422292121128,"RL",0,0,0,1,0
0,0.536231884057971,11.8130300574206,"RM",0,0,0,0,1
145,0.847826086956522,12.5245263766487,"RL",0,0,0,1,0
0,0.615942028985507,11.5991765530135,"RL",0,0,0,1,0
108,0.978260869565217,12.1828040185908,"RL",0,0,0,1,0
0,0.840579710144927,12.0725412529057,"RL",0,0,0,1,0
232,0.717391304347826,11.3551013797767,"RM",0,0,0,0,1
0,0.347826086956522,11.2885311317544,"RM",0,0,0,0,1
376,0.717391304347826,11.7158663089669,"RM",0,0,0,0,1
0,0.905797101449275,12.106252310248,"RL",0,0,0,1,0
0,0.72463768115942,11.3022044336546,"RM",0,0,0,0,1
0,0.898550724637681,12.2643415536542,"RL",0,0,0,1,0
0,0.347826086956522,11.6613454700885,"RM",0,0,0,0,1
0,0.391304347826087,11.6868787720937,"RM",0,0,0,0,1
0,0.297101449275362,11.4114462960204,"RL",0,0,0,1,0
0,0.347826086956522,11.6082356447746,"RL",0,0,0,1,0
270,0.601449275362319,11.6784399034478,"RL",0,0,0,1,0
0,0.420289855072464,12.0008917945901,"RM",0,0,0,0,1
72,0.971014492753623,12.0581525154536,"RL",0,0,0,1,0
0,0.884057971014493,12.2548628096996,"RL",0,0,0,1,0
0,0.608695652173913,11.7558716435806,"RL",0,0,0,1,0
0,0.681159420289855,12.1547793511426,"RL",0,0,0,1,0
0,0.91304347826087,12.2055725204885,"RL",0,0,0,1,0
0,0.471014492753623,11.6910716503537,"RM",0,0,0,0,1
0,0.550724637681159,11.6952470217642,"RM",0,0,0,0,1
0,0.420289855072464,11.6082356447746,"RM",0,0,0,0,1
0,0.746376811594203,12.5425448821514,"RL",0,0,0,1,0
42,0.898550724637681,12.2258752728264,"RL",0,0,0,1,0
0,0.985507246376812,12.2548628096996,"FV",0,1,0,0,0
0,0.753623188405797,12.1441972418121,"RL",0,0,0,1,0
320,0.731884057971015,12.0753943218881,"RL",0,0,0,1,0
0,0.318840579710145,11.4927227576527,"RM",0,0,0,0,1
0,0.594202898550725,12.4529327234617,"RL",0,0,0,1,0
0,0.384057971014493,11.9891596439666,"RM",0,0,0,0,1
161,0.565217391304348,11.6082356447746,"RL",0,0,0,1,0
110,0.992753623188406,12.4815619372163,"FV",0,1,0,0,0
0,0.463768115942029,11.9511803959014,"RL",0,0,0,1,0
0,0.673913043478261,11.0410480813427,"RL",0,0,0,1,0
0,0.449275362318841,12.1479137313566,"RL",0,0,0,1,0
136,0.768115942028985,11.7280368445872,"RL",0,0,0,1,0
18,0.956521739130435,12.0936875149354,"RM",0,0,0,0,1
0,0.710144927536232,12.0257490913989,"RL",0,0,0,1,0
224,0.507246376811594,11.8947807074393,"RL",0,0,0,1,0
248,0.971014492753623,12.4292161968444,"RL",0,0,0,1,0
120,0.876811594202899,12.1388638958367,"RL",0,0,0,1,0
0,0.818840579710145,12.2643415536542,"RL",0,0,0,1,0
0,0.760869565217391,12.1547793511426,"RL",0,0,0,1,0
80,0.963768115942029,11.9049675527463,"RM",0,0,0,0,1
304,0.971014492753623,12.9945300058944,"RL",0,0,0,1,0
0,0.927536231884058,12.4332082181139,"RL",0,0,0,1,0
0,0.659420289855073,11.7943379244084,"RL",0,0,0,1,0
215,0.905797101449275,12.2496109475447,"RL",0,0,0,1,0
772,0.971014492753623,12.8479265317026,"RL",0,0,0,1,0
336,0.978260869565217,12.6014874177848,"RL",0,0,0,1,0
435,0.471014492753623,11.40166982941,"RM",0,0,0,0,1
378,0.956521739130435,12.6946526603488,"RL",0,0,0,1,0
562,0.949275362318841,12.8320110763967,"RL",0,0,0,1,0
0,0.311594202898551,11.9511803959014,"RM",0,0,0,0,1
116,0.91304347826087,12.0076217068063,"RM",0,0,0,0,1
0,0.652173913043478,11.7943379244084,"RL",0,0,0,1,0
0,0.565217391304348,11.8981878657609,"RL",0,0,0,1,0
168,0.673913043478261,11.9576112862317,"RL",0,0,0,1,0
0,0.717391304347826,12.0725412529057,"RL",0,0,0,1,0
0,0.202898550724638,11.982929094216,"RL",0,0,0,1,0
0,0.710144927536232,11.3621025752356,"RM",0,0,0,0,1
0,0.753623188405797,11.6526874073454,"RM",0,0,0,0,1
0,0.5,11.7981044072039,"RL",0,0,0,1,0
0,0.971014492753623,12.0598033260287,"RL",0,0,0,1,0
0,0.63768115942029,11.9511803959014,"RL",0,0,0,1,0
0,0.478260869565217,11.4219060665831,"RM",0,0,0,0,1
0,0.869565217391304,12.9715404876697,"RL",0,0,0,1,0
0,0.384057971014493,12.1226910365911,"RL",0,0,0,1,0
89,0.688405797101449,11.7752897294377,"RL",0,0,0,1,0
0,0.623188405797101,11.6952470217642,"RL",0,0,0,1,0
285,0.731884057971015,11.6351430976945,"RM",0,0,0,0,1
0,0.963768115942029,12.3313828364956,"FV",0,1,0,0,0
0,0.673913043478261,11.8493977015914,"RL",0,0,0,1,0
0,0.630434782608696,12.5741819670946,"RL",0,0,0,1,0
0,0.739130434782609,11.8981878657609,"RL",0,0,0,1,0
360,0.579710144927536,11.7320609948869,"RM",0,0,0,0,1
125,0.876811594202899,12.2783933071098,"RL",0,0,0,1,0
0,0.992753623188406,12.2467346272491,"FV",0,1,0,0,0
0,0.405797101449275,11.9891596439666,"RM",0,0,0,0,1
132,0.630434782608696,11.7320609948869,"RL",0,0,0,1,0
70,0.572463768115942,12.0130945085477,"RL",0,0,0,1,0
94,0.963768115942029,12.2193096485622,"RL",0,0,0,1,0
0,0.623188405797101,11.7745202026587,"RL",0,0,0,1,0
0,0.804347826086957,11.805595078933,"RL",0,0,0,1,0
0,0.391304347826087,11.4772982873271,"RL",0,0,0,1,0
305,0.992753623188406,12.9063468682812,"RL",0,0,0,1,0
333,0.72463768115942,11.9703503120091,"RL",0,0,0,1,0
921,0.898550724637681,12.4874851049684,"RL",0,0,0,1,0
0,0.91304347826087,12.2596134124582,"RL",0,0,0,1,0
0,0.391304347826087,12.3630763943398,"RL",0,0,0,1,0
0,0.202898550724638,11.5735500867867,"RL",0,0,0,1,0
0,0.615942028985507,11.9183905730784,"RL",0,0,0,1,0
0,0.543478260869565,11.9766594812024,"RM",0,0,0,0,1
762,0.978260869565217,12.1267588388104,"RL",0,0,0,1,0
594,0.898550724637681,12.6627060402127,"RL",0,0,0,1,0
0,0.963768115942029,12.0782392740203,"FV",0,1,0,0,0
0,0.608695652173913,11.7905572015685,"RL",0,0,0,1,0
268,0.985507246376812,13.0086592616321,"RL",0,0,0,1,0
0,0.347826086956522,11.3621025752356,"RL",0,0,0,1,0
219,0.840579710144927,12.0725412529057,"RL",0,0,0,1,0
0,0.347826086956522,11.7597855429018,"RM",0,0,0,0,1
0,0.601449275362319,11.5852461265499,"RL",0,0,0,1,0
0,0.956521739130435,12.0895388292742,"RL",0,0,0,1,0
0,0.27536231884058,11.5852461265499,"RL",0,0,0,1,0
0,0.91304347826087,12.1441972418121,"RL",0,0,0,1,0
0,0.72463768115942,11.6195352000285,"RL",0,0,0,1,0
188,0.695652173913043,11.9703503120091,"RL",0,0,0,1,0
479,0.934782608695652,12.5135573452781,"RL",0,0,0,1,0
584,0.971014492753623,12.6603279178078,"RL",0,0,0,1,0
72,0.927536231884058,12.4211840251471,"RL",0,0,0,1,0
0,0.91304347826087,12.2702204653539,"RL",0,0,0,1,0
182,0.91304347826087,11.7981044072039,"RH",0,0,1,0,0
0,0.971014492753623,12.0988492847421,"RL",0,0,0,1,0
178,0.840579710144927,12.3414772825364,"RL",0,0,0,1,0
0,0.369565217391304,12.2548628096996,"RL",0,0,0,1,0
0,0.710144927536232,11.7714361601217,"RL",0,0,0,1,0
0,0.601449275362319,11.7360690162844,"RM",0,0,0,0,1
0,0.949275362318841,12.4799093111599,"FV",0,1,0,0,0
0,0.760869565217391,11.8493977015914,"RL",0,0,0,1,0
0,0.615942028985507,11.6307085006266,"RM",0,0,0,0,1
250,0.971014492753623,12.4509776886259,"RL",0,0,0,1,0
0,0.557971014492754,11.5898865061064,"RL",0,0,0,1,0
292,0.949275362318841,12.5567295171433,"RL",0,0,0,1,0
0,0.36231884057971,11.6351430976945,"RM",0,0,0,0,1
0,0.615942028985507,11.8565151693603,"RL",0,0,0,1,0
0,0.347826086956522,11.5898865061064,"C (all)",1,0,0,0,0
0,0.898550724637681,12.0725412529057,"RL",0,0,0,1,0
18,0.949275362318841,12.3630763943398,"RL",0,0,0,1,0
180,0.615942028985507,11.7076695417627,"RL",0,0,0,1,0
0,0.739130434782609,12.0435537160324,"RL",0,0,0,1,0
0,0.492753623188406,11.5898865061064,"RL",0,0,0,1,0
0,0.333333333333333,12.1281111040605,"RL",0,0,0,1,0
0,0.869565217391304,12.498742259493,"RL",0,0,0,1,0
0,0.311594202898551,11.7597855429018,"RL",0,0,0,1,0
245,0.963768115942029,12.6915804613119,"RL",0,0,0,1,0
168,0.956521739130435,12.273731294004,"RL",0,0,0,1,0
0,0.804347826086957,12.665394426429,"RL",0,0,0,1,0
0,0.77536231884058,11.8201160038101,"RL",0,0,0,1,0
108,0.673913043478261,11.8677987869623,"RL",0,0,0,1,0
207,0.630434782608696,11.6952470217642,"RL",0,0,0,1,0
0,0.992753623188406,12.3216309861644,"RL",0,0,0,1,0
0,0.927536231884058,12.0435537160324,"RL",0,0,0,1,0
82,0.717391304347826,11.8422292121128,"RL",0,0,0,1,0
0,0.543478260869565,11.6826682395573,"RL",0,0,0,1,0
0,0.405797101449275,11.8844890214027,"RL",0,0,0,1,0
97,0.681159420289855,12.0106658491876,"RL",0,0,0,1,0
0,0.978260869565217,11.8913619006905,"FV",0,1,0,0,0
335,0.594202898550725,11.7867621306,"RM",0,0,0,0,1
85,0.63768115942029,12.1112123645062,"RL",0,0,0,1,0
306,0.985507246376812,12.4423022003927,"RL",0,0,0,1,0
104,0.855072463768116,11.6826682395573,"RL",0,0,0,1,0
0,0.152173913043478,12.6915804613119,"RM",0,0,0,0,1
0,0.456521739130435,11.7981044072039,"RM",0,0,0,0,1
208,0.963768115942029,12.8209879778205,"RL",0,0,0,1,0
0,0.333333333333333,11.7752897294377,"RL",0,0,0,1,0
0,0.797101449275362,11.8277362048103,"RL",0,0,0,1,0
0,0.695652173913043,11.870599909242,"RL",0,0,0,1,0
0,0.420289855072464,11.2835123006424,"RM",0,0,0,0,1
0,0.956521739130435,12.1329641737095,"RL",0,0,0,1,0
0,0.797101449275362,11.8350089641393,"RL",0,0,0,1,0
170,0.949275362318841,11.8493977015914,"RM",0,0,0,0,1
0,0.746376811594203,11.6082356447746,"RL",0,0,0,1,0
238,0.963768115942029,12.672946381767,"RL",0,0,0,1,0
0,0.27536231884058,11.6483650358641,"RM",0,0,0,0,1
72,0.971014492753623,12.1766489841567,"RL",0,0,0,1,0
459,0.760869565217391,12.2899541295109,"RL",0,0,0,1,0
0,0.782608695652174,11.9250351157971,"RM",0,0,0,0,1
280,0.963768115942029,12.5245263766487,"RL",0,0,0,1,0
0,0.471014492753623,11.8565151693603,"RM",0,0,0,0,1
0,0.869565217391304,12.3013828253345,"RL",0,0,0,1,0
0,0.956521739130435,11.9250351157971,"FV",0,1,0,0,0
99,0.942028985507246,12.3059179804999,"RL",0,0,0,1,0
176,0.673913043478261,12.2307652581205,"RL",0,0,0,1,0
0,0.898550724637681,11.9316357998284,"RL",0,0,0,1,0
0,0.550724637681159,12.3238556811866,"RL",0,0,0,1,0
0,0.449275362318841,12.7913561802142,"RL",0,0,0,1,0
192,0.644927536231884,11.6826682395573,"RL",0,0,0,1,0
204,0.927536231884058,12.6539584695223,"RL",0,0,0,1,0
233,0.768115942028985,11.9049675527463,"RL",0,0,0,1,0
108,0.934782608695652,12.4741895624871,"RL",0,0,0,1,0
0,0.978260869565217,11.8981878657609,"RL",0,0,0,1,0
0,0.72463768115942,11.2318879352371,"RM",0,0,0,0,1
156,0.659420289855073,11.8313791960888,"RL",0,0,0,1,0
0,0.942028985507246,12.1183337312222,"RL",0,0,0,1,0
0,0.594202898550725,11.5664662318983,"RL",0,0,0,1,0
452,0.978260869565217,12.6597340907337,"RL",0,0,0,1,0
226,0.949275362318841,12.6280670555895,"RL",0,0,0,1,0
0,0.304347826086957,11.1124478983731,"RL",0,0,0,1,0
0,0.739130434782609,12.3883942023241,"RL",0,0,0,1,0
153,0.760869565217391,11.8130300574206,"RL",0,0,0,1,0
513,0.927536231884058,12.0346910287746,"FV",0,1,0,0,0
288,0.72463768115942,12.0146094308189,"RL",0,0,0,1,0
261,0.652173913043478,11.982929094216,"RL",0,0,0,1,0
0,0.63768115942029,11.8486831606536,"RL",0,0,0,1,0
164,0.601449275362319,11.9381932003746,"RL",0,0,0,1,0
192,0.702898550724638,11.8130300574206,"RL",0,0,0,1,0
259,0.666666666666667,12.0346910287746,"RL",0,0,0,1,0
0,0.0579710144927536,11.7280368445872,"RM",0,0,0,0,1
108,0.971014492753623,12.2524790183443,"RL",0,0,0,1,0
209,0.760869565217391,11.3205535723228,"RL",0,0,0,1,0
0,0.594202898550725,11.8451027773086,"RL",0,0,0,1,0
0,0.782608695652174,11.8775685785581,"RL",0,0,0,1,0
0,0.304347826086957,12.2060726455302,"RH",0,0,1,0,0
0,0.594202898550725,11.4403547721354,"RM",0,0,0,0,1
0,0.27536231884058,11.3504065354725,"RL",0,0,0,1,0
0,0.971014492753623,12.4858271275094,"RL",0,0,0,1,0
472,0.949275362318841,12.5208833853702,"RL",0,0,0,1,0
0,0.934782608695652,12.3282902782544,"FV",0,1,0,0,0
0,0.72463768115942,12.7512996960135,"RL",0,0,0,1,0
263,0.702898550724638,11.9316357998284,"RL",0,0,0,1,0
162,0.992753623188406,12.8236284465392,"FV",0,1,0,0,0
0,0.717391304347826,11.872346634577,"RL",0,0,0,1,0
0,0.565217391304348,11.4957793061353,"RL",0,0,0,1,0
216,0.58695652173913,11.9511803959014,"RL",0,0,0,1,0
351,0.681159420289855,11.9511803959014,"RL",0,0,0,1,0
0,0.710144927536232,11.3445068133453,"RM",0,0,0,0,1
0,0.492753623188406,11.5898865061064,"RL",0,0,0,1,0
0,0.898550724637681,12.1600287070288,"RL",0,0,0,1,0
0,0.246376811594203,11.8130300574206,"RM",0,0,0,0,1
660,0.891304347826087,12.7656884334656,"RL",0,0,0,1,0
381,0.717391304347826,11.3850920934603,"RM",0,0,0,0,1
54,0.630434782608696,11.8879313655937,"RL",0,0,0,1,0
0,0.427536231884058,11.9117015849276,"RL",0,0,0,1,0
0,0.550724637681159,11.4876076569859,"RL",0,0,0,1,0
0,0.666666666666667,12.0257490913989,"RL",0,0,0,1,0
233,0.753623188405797,12.1955171315907,"RL",0,0,0,1,0
528,0.884057971014493,12.9042073676012,"RL",0,0,0,1,0
216,0.695652173913043,11.6082356447746,"RL",0,0,0,1,0
0,0.72463768115942,11.8313791960888,"RL",0,0,0,1,0
0,0.963768115942029,12.9551274580284,"RL",0,0,0,1,0
40,0.927536231884058,12.3480061414188,"RL",0,0,0,1,0
113,0.673913043478261,11.7675676833438,"RL",0,0,0,1,0
258,0.884057971014493,12.173032791452,"RL",0,0,0,1,0
0,0.608695652173913,12.0317192583854,"RL",0,0,0,1,0
0,0.36231884057971,11.8313791960888,"RL",0,0,0,1,0
0,0.963768115942029,12.0639328783691,"RL",0,0,0,1,0
0,0.384057971014493,11.5482926088075,"RH",0,0,1,0,0
0,0.760869565217391,12.0137007528827,"RL",0,0,0,1,0
106,0.615942028985507,12.4587749990859,"RL",0,0,0,1,0
0,0.673913043478261,11.8493977015914,"RL",0,0,0,1,0
0,0.768115942028985,11.9083402372249,"RL",0,0,0,1,0
0,0.202898550724638,11.3736633976367,"RM",0,0,0,0,1
0,0.376811594202899,11.6036798282387,"RL",0,0,0,1,0
464,0.985507246376812,12.8279923168018,"RL",0,0,0,1,0
57,0.644927536231884,11.7636841833174,"RL",0,0,0,1,0
0,0.782608695652174,11.870599909242,"RL",0,0,0,1,0
0,0.434782608695652,11.9793853224676,"RH",0,0,1,0,0
0,0.898550724637681,12.0610468734799,"RL",0,0,0,1,0
215,0.942028985507246,12.5602444592508,"RL",0,0,0,1,0
30,0.91304347826087,12.3059179804999,"RL",0,0,0,1,0
0,0.811594202898551,12.2428866186529,"RL",0,0,0,1,0
0,0.978260869565217,12.336552511981,"FV",0,1,0,0,0
0,0.956521739130435,11.9103584013811,"FV",0,1,0,0,0
0,0.978260869565217,12.8790171187726,"RL",0,0,0,1,0
256,0.963768115942029,12.1792151913603,"RL",0,0,0,1,0
147,0.956521739130435,11.8565151693603,"RM",0,0,0,0,1
293,0.847826086956522,12.7218858108072,"RL",0,0,0,1,0
0,0.355072463768116,11.5943211031742,"RL",0,0,0,1,0
0,0.463768115942029,11.8600549960654,"RM",0,0,0,0,1
72,0.833333333333333,12.0782392740203,"RL",0,0,0,1,0
0,0.355072463768116,11.3963916487143,"RM",0,0,0,0,1
0,0.579710144927536,11.7239964350502,"RL",0,0,0,1,0
0,0.673913043478261,11.8386256046095,"RL",0,0,0,1,0
0,0.956521739130435,12.1858699382127,"FV",0,1,0,0,0
630,0.942028985507246,12.6523597481586,"RL",0,0,0,1,0
168,0.702898550724638,11.8493977015914,"RL",0,0,0,1,0
466,0.971014492753623,12.7991757088645,"RL",0,0,0,1,0
0,0.202898550724638,11.8493977015914,"RM",0,0,0,0,1
109,0.956521739130435,12.2690474446916,"RL",0,0,0,1,0
351,0.717391304347826,12.618182296357,"RL",0,0,0,1,0
176,0.971014492753623,12.4450895460007,"RL",0,0,0,1,0
0,0.978260869565217,12.0981533033107,"RL",0,0,0,1,0
41,0.681159420289855,11.6073261403917,"RL",0,0,0,1,0
0,0.202898550724638,11.5403071417114,"C (all)",1,0,0,0,0
0,0.840579710144927,12.1495022940418,"RL",0,0,0,1,0
160,0.710144927536232,11.7675676833438,"RL",0,0,0,1,0
289,0.753623188405797,11.7791285057449,"RL",0,0,0,1,0
174,0.739130434782609,12.0137007528827,"RL",0,0,0,1,0
0,0.130434782608696,11.979799201207,"RM",0,0,0,0,1
0,0.731884057971015,11.9640010843304,"RL",0,0,0,1,0
651,0.876811594202899,12.7396377562657,"RL",0,0,0,1,0
0,0.702898550724638,11.7636841833174,"RL",0,0,0,1,0
0,0.818840579710145,12.5245263766487,"RL",0,0,0,1,0
169,0.956521739130435,11.870599909242,"RM",0,0,0,0,1
0,0.710144927536232,11.7320609948869,"RL",0,0,0,1,0
0,0.594202898550725,11.8130300574206,"RL",0,0,0,1,0
340,0.978260869565217,12.6760762747759,"RL",0,0,0,1,0
0,0.710144927536232,11.6994050319128,"RL",0,0,0,1,0
260,0.840579710144927,12.3104326608544,"RL",0,0,0,1,0
82,0.978260869565217,12.1781874420406,"RL",0,0,0,1,0
95,0.623188405797101,11.6082356447746,"RL",0,0,0,1,0
0,0.384057971014493,11.5424842672118,"RM",0,0,0,0,1
0,0.891304347826087,12.3737034869141,"RL",0,0,0,1,0
442,0.949275362318841,12.1415341243926,"RL",0,0,0,1,0
202,0.91304347826087,12.3126823805884,"RL",0,0,0,1,0
0,0.644927536231884,11.7860013850326,"RL",0,0,0,1,0
0,0.695652173913043,11.5898865061064,"RL",0,0,0,1,0
0,0.304347826086957,12.0015054797889,"RM",0,0,0,0,1
0,0.565217391304348,11.4457167152768,"RL",0,0,0,1,0
0,0.963768115942029,12.3879774488278,"RL",0,0,0,1,0
0,0.833333333333333,12.0951410848229,"RL",0,0,0,1,0
0,0.956521739130435,12.1547793511426,"RL",0,0,0,1,0
0,0.27536231884058,11.7905572015685,"RM",0,0,0,0,1
0,0.644927536231884,11.8635823365834,"RL",0,0,0,1,0
108,0.927536231884058,12.0951410848229,"RL",0,0,0,1,0
0,0.659420289855073,12.0725412529057,"RL",0,0,0,1,0
0,0.876811594202899,12.1007121298723,"RL",0,0,0,1,0
289,0.753623188405797,12.6108708646506,"RL",0,0,0,1,0
0,0.927536231884058,12.3715870840077,"RL",0,0,0,1,0
0,0.0579710144927536,12.4911726372789,"RM",0,0,0,0,1
338,0.898550724637681,12.4699741893166,"RL",0,0,0,1,0
0,0.528985507246377,11.4927227576527,"RL",0,0,0,1,0
0,0.27536231884058,11.4772982873271,"RM",0,0,0,0,1
0,0.949275362318841,11.9953516142145,"RL",0,0,0,1,0
0,0.905797101449275,12.2876526325226,"RL",0,0,0,1,0
178,0.963768115942029,12.5263429075751,"RL",0,0,0,1,0
0,0.702898550724638,11.9576112862317,"RL",0,0,0,1,0
894,0.920289855072464,12.0581525154536,"FV",0,1,0,0,0
0,0.978260869565217,12.2643415536542,"RL",0,0,0,1,0
328,0.768115942028985,11.9760303525248,"RL",0,0,0,1,0
360,0.920289855072464,12.0973732286068,"FV",0,1,0,0,0
513,0.891304347826087,12.5776362019627,"RL",0,0,0,1,0
0,0.630434782608696,11.7558716435806,"RL",0,0,0,1,0
0,0.376811594202899,11.5129254649702,"RM",0,0,0,0,1
0,0.992753623188406,12.2793231072698,"FV",0,1,0,0,0
673,0.920289855072464,12.7278382093345,"RL",0,0,0,1,0
0,0.891304347826087,12.5061772379805,"RL",0,0,0,1,0
284,0.985507246376812,12.4842042571701,"RL",0,0,0,1,0
42,0.840579710144927,12.1884177102915,"RL",0,0,0,1,0
0,0.492753623188406,11.982929094216,"RL",0,0,0,1,0
0,0.956521739130435,12.2869011981928,"RL",0,0,0,1,0
0,0.797101449275362,11.8122890421958,"RL",0,0,0,1,0
0,0.572463768115942,11.5327280922664,"RL",0,0,0,1,0
0,0.753623188405797,11.580584113444,"RL",0,0,0,1,0
1,0.623188405797101,11.6483301019764,"RL",0,0,0,1,0
375,0.971014492753623,12.8866410438833,"RL",0,0,0,1,0
320,0.91304347826087,11.9953516142145,"RM",0,0,0,0,1
240,0.963768115942029,12.3081778684673,"RL",0,0,0,1,0
0,0.739130434782609,11.8670972786908,"RL",0,0,0,1,0
320,0.760869565217391,11.8775685785581,"RH",0,0,1,0,0
90,0.760869565217391,11.8130300574206,"RL",0,0,0,1,0
38,0.891304347826087,12.0782392740203,"RL",0,0,0,1,0
0,0.869565217391304,12.0776709307256,"RL",0,0,0,1,0
0,0.934782608695652,12.1393985122622,"RL",0,0,0,1,0
104,0.768115942028985,12.0167264737993,"RL",0,0,0,1,0
0,0.304347826086957,11.7597855429018,"RM",0,0,0,0,1
0,0.688405797101449,11.9922604216448,"RL",0,0,0,1,0
0,0.311594202898551,11.8422292121128,"RM",0,0,0,0,1
0,0.956521739130435,12.3587937325478,"RL",0,0,0,1,0
0,0.594202898550725,11.5889601512462,"RM",0,0,0,0,1
157,0.681159420289855,12.1415341243926,"RL",0,0,0,1,0
11,0.963768115942029,11.9841783136164,"RL",0,0,0,1,0
0,0.753623188405797,11.8968263951626,"RL",0,0,0,1,0
0,0.898550724637681,12.5053991575767,"RL",0,0,0,1,0
140,0.978260869565217,12.3238556811866,"RL",0,0,0,1,0
0,0.884057971014493,12.1781874420406,"RL",0,0,0,1,0
130,0.782608695652174,12.0494188354848,"RL",0,0,0,1,0
148,0.760869565217391,11.8740903141818,"RL",0,0,0,1,0
0,0.58695652173913,11.6082356447746,"RL",0,0,0,1,0
252,0.471014492753623,12.0725412529057,"RL",0,0,0,1,0
0,0.905797101449275,12.2060726455302,"RL",0,0,0,1,0
0,0.318840579710145,11.6073261403917,"RM",0,0,0,0,1
0,0.963768115942029,12.1495022940418,"RL",0,0,0,1,0
0,0.594202898550725,11.6784399034478,"RL",0,0,0,1,0
256,0.985507246376812,12.3356964133237,"RL",0,0,0,1,0
0,0.688405797101449,11.8167269193019,"RL",0,0,0,1,0
0,0.369565217391304,12.3171666930358,"RL",0,0,0,1,0
1047,0.681159420289855,11.9826165453777,"RL",0,0,0,1,0
0,0.188405797101449,11.5711943730942,"RM",0,0,0,0,1
99,0.739130434782609,12.106252310248,"RL",0,0,0,1,0
169,0.956521739130435,11.8810347865346,"RM",0,0,0,0,1
243,0.623188405797101,11.9697172002437,"RL",0,0,0,1,0
0,0.333333333333333,11.6613454700885,"RL",0,0,0,1,0
442,0.91304347826087,12.3234111379474,"RL",0,0,0,1,0
0,0.594202898550725,11.8277362048103,"RL",0,0,0,1,0
148,0.942028985507246,12.5098740998618,"RL",0,0,0,1,0
80,0.717391304347826,11.9511803959014,"RL",0,0,0,1,0
128,0.992753623188406,12.3194013308372,"RL",0,0,0,1,0
0,0.949275362318841,12.1172414318236,"RL",0,0,0,1,0
0,0.58695652173913,11.4403547721354,"RM",0,0,0,0,1
0,0.949275362318841,12.3238556811866,"RL",0,0,0,1,0
0,0.492753623188406,11.8458198802436,"RL",0,0,0,1,0
0,0.971014492753623,12.3570755190667,"FV",0,1,0,0,0
816,0.978260869565217,12.8609986132699,"RL",0,0,0,1,0
0,0.376811594202899,11.6036798282387,"RM",0,0,0,0,1
0,0.934782608695652,12.1495022940418,"RL",0,0,0,1,0
0,0.688405797101449,12.1281111040605,"RL",0,0,0,1,0
0,0.963768115942029,11.9009052587374,"FV",0,1,0,0,0
387,0.615942028985507,12.0197430673387,"RL",0,0,0,1,0
0,0.963768115942029,11.9250351157971,"FV",0,1,0,0,0
223,0.949275362318841,12.3758154201173,"RL",0,0,0,1,0
180,0.666666666666667,12.0257490913989,"RL",0,0,0,1,0
136,0.644927536231884,11.8490404949436,"RL",0,0,0,1,0
0,0.565217391304348,11.7597855429018,"RL",0,0,0,1,0
0,0.550724637681159,11.9414558460094,"RM",0,0,0,0,1
158,0.731884057971015,11.5129254649702,"RM",0,0,0,0,1
0,0.891304347826087,11.8775685785581,"RL",0,0,0,1,0
0,0.536231884057971,11.7791285057449,"RL",0,0,0,1,0
0,0.384057971014493,11.8493977015914,"RH",0,0,1,0,0
0,0.231884057971014,11.9671807372478,"RM",0,0,0,0,1
183,0.681159420289855,12.0719696610067,"RL",0,0,0,1,0
0,0.644927536231884,11.8565151693603,"RL",0,0,0,1,0
0,0.311594202898551,11.944058319827,"RM",0,0,0,0,1
0,0.746376811594203,12.0494188354848,"RL",0,0,0,1,0
137,0.876811594202899,12.2690474446916,"RL",0,0,0,1,0
0,0.72463768115942,11.8018567568224,"RL",0,0,0,1,0
0,0.260869565217391,12.3883942023241,"RL",0,0,0,1,0
360,0.753623188405797,12.1388638958367,"RL",0,0,0,1,0
170,0.949275362318841,11.7867621306,"RM",0,0,0,0,1
40,0.949275362318841,12.2783933071098,"RL",0,0,0,1,0
0,0.5,12.0076217068063,"RL",0,0,0,1,0
115,0.666666666666667,11.9703503120091,"RL",0,0,0,1,0
0,0.601449275362319,12.0435537160324,"RL",0,0,0,1,0
0,0.652173913043478,11.7519423654407,"RL",0,0,0,1,0
0,0.768115942028985,11.8981878657609,"RL",0,0,0,1,0
0,0.884057971014493,12.0668105781967,"RL",0,0,0,1,0
189,0.753623188405797,11.9316357998284,"RL",0,0,0,1,0
220,0.695652173913043,12.4292161968444,"RL",0,0,0,1,0
0,0.333333333333333,12.1545161586158,"RL",0,0,0,1,0
0,0.673913043478261,11.7867621306,"RL",0,0,0,1,0
0,0.811594202898551,11.9316357998284,"RL",0,0,0,1,0
0,0.630434782608696,11.7943379244084,"RL",0,0,0,1,0
0,0.978260869565217,12.4315335097995,"FV",0,1,0,0,0
76,0.710144927536232,11.9083402372249,"RL",0,0,0,1,0
274,0.971014492753623,12.4248064883557,"RL",0,0,0,1,0
0,0.644927536231884,11.7675676833438,"RL",0,0,0,1,0
0,0.550724637681159,12.0376539939052,"RL",0,0,0,1,0
246,0.876811594202899,12.3715870840077,"RL",0,0,0,1,0
0,0.652173913043478,11.6036798282387,"RL",0,0,0,1,0
116,0.91304347826087,12.2085695257288,"RL",0,0,0,1,0
0,0.58695652173913,11.6613454700885,"RL",0,0,0,1,0
0,0.557971014492754,11.7981044072039,"RL",0,0,0,1,0
0,0.5,11.1049572266439,"RM",0,0,0,0,1
0,0.978260869565217,12.623061104073,"FV",0,1,0,0,0
0,0.659420289855073,11.7924493497205,"RL",0,0,0,1,0
216,0.956521739130435,12.7656884334656,"RL",0,0,0,1,0
0,0.644927536231884,11.9049675527463,"RL",0,0,0,1,0
90,0.768115942028985,11.8240798936072,"RL",0,0,0,1,0
0,0.963768115942029,11.9640010843304,"RL",0,0,0,1,0
117,0.855072463768116,12.1415341243926,"RL",0,0,0,1,0
0,0.869565217391304,12.0895388292742,"RL",0,0,0,1,0
0,0.289855072463768,11.6826682395573,"RL",0,0,0,1,0
60,0.688405797101449,11.5129254649702,"RL",0,0,0,1,0
60,0.920289855072464,12.7035090321771,"FV",0,1,0,0,0
122,0.630434782608696,11.8844890214027,"RL",0,0,0,1,0
0,0.601449275362319,11.8167269193019,"RL",0,0,0,1,0
0,0.710144927536232,12.498742259493,"RL",0,0,0,1,0
90,0.58695652173913,11.9150516718129,"RL",0,0,0,1,0
0,0.557971014492754,11.7191262955541,"RL",0,0,0,1,0
92,0.768115942028985,12.0581525154536,"RL",0,0,0,1,0
0,0.659420289855073,11.9479493753199,"RL",0,0,0,1,0
0,0.594202898550725,12.0137007528827,"RL",0,0,0,1,0
0,0.77536231884058,11.6856847822605,"RL",0,0,0,1,0
415,0.659420289855073,11.8493977015914,"RL",0,0,0,1,0
0,0.463768115942029,11.5759002641316,"RM",0,0,0,0,1
0,0.77536231884058,11.8702711838891,"RL",0,0,0,1,0
0,0.644927536231884,11.8130300574206,"RL",0,0,0,1,0
0,0.717391304347826,11.6082356447746,"RL",0,0,0,1,0
0,0.615942028985507,11.9381932003746,"RL",0,0,0,1,0
0,0.949275362318841,12.1007121298723,"RL",0,0,0,1,0
27,0.971014492753623,12.3883942023241,"RL",0,0,0,1,0
75,0.688405797101449,11.740061037554,"RL",0,0,0,1,0
110,0.594202898550725,11.7597855429018,"RL",0,0,0,1,0
208,0.971014492753623,12.4490188241406,"RL",0,0,0,1,0
0,0.463768115942029,12.4292161968444,"RL",0,0,0,1,0
0,0.804347826086957,11.7829526021833,"RL",0,0,0,1,0
0,0.963768115942029,12.0668105781967,"RL",0,0,0,1,0
361,0.63768115942029,11.9466540383513,"RL",0,0,0,1,0
0,0.760869565217391,11.8740903141818,"RL",0,0,0,1,0
0,0.384057971014493,11.3850920934603,"RM",0,0,0,0,1
0,0.557971014492754,11.8844890214027,"RH",0,0,1,0,0
76,0.992753623188406,12.0652749169136,"FV",0,1,0,0,0
80,0.710144927536232,11.2252433925184,"RM",0,0,0,0,1
0,0.608695652173913,11.8130300574206,"RL",0,0,0,1,0
0,0.86231884057971,12.3800259526536,"RL",0,0,0,1,0
0,0.623188405797101,12.0810761553555,"RL",0,0,0,1,0
105,0.884057971014493,12.2110601870412,"RL",0,0,0,1,0
0,0.202898550724638,11.8906767345109,"RL",0,0,0,1,0
0,0.963768115942029,12.0434948907728,"RL",0,0,0,1,0
0,0.876811594202899,12.170445467887,"RL",0,0,0,1,0
157,0.782608695652174,12.2428866186529,"RL",0,0,0,1,0
0,0.760869565217391,12.0725412529057,"RL",0,0,0,1,0
340,0.949275362318841,12.5602444592508,"RL",0,0,0,1,0
342,0.695652173913043,12.0782392740203,"RL",0,0,0,1,0
0,0.934782608695652,12.3737034869141,"RL",0,0,0,1,0
285,0.905797101449275,12.3104326608544,"RL",0,0,0,1,0
0,0.978260869565217,12.2110601870412,"RL",0,0,0,1,0
0,0.673913043478261,11.6741936125664,"RL",0,0,0,1,0
302,0.971014492753623,12.6760762747759,"RL",0,0,0,1,0
210,0.956521739130435,12.1547793511426,"RL",0,0,0,1,0
0,0.63768115942029,12.3966930051388,"RL",0,0,0,1,0
108,0.391304347826087,11.2885311317544,"RL",0,0,0,1,0
0,0.963768115942029,12.4411447677097,"RL",0,0,0,1,0
0,0.971014492753623,12.3875563514251,"RL",0,0,0,1,0
0,0.492753623188406,12.4065615062796,"RL",0,0,0,1,0
0,0.753623188405797,11.9243726447559,"RL",0,0,0,1,0
298,0.920289855072464,12.273731294004,"RL",0,0,0,1,0
0,0.760869565217391,11.9183905730784,"RL",0,0,0,1,0
0,0.688405797101449,11.870599909242,"RL",0,0,0,1,0
541,0.623188405797101,11.8313791960888,"RL",0,0,0,1,0
0,0.130434782608696,11.7352686961137,"RM",0,0,0,0,1
128,0.630434782608696,11.870599909242,"RL",0,0,0,1,0
236,0.942028985507246,12.5061772379805,"RL",0,0,0,1,0
144,0.942028985507246,12.16785143271,"RL",0,0,0,1,0
0,0.72463768115942,12.1934938633233,"RL",0,0,0,1,0
0,0.565217391304348,11.7675676833438,"RL",0,0,0,1,0
0,0.673913043478261,11.6944133410156,"RH",0,0,1,0,0
0,0.72463768115942,11.8048485316793,"RL",0,0,0,1,0
232,0.702898550724638,12.0552497557956,"RL",0,0,0,1,0
250,0.746376811594203,11.7558716435806,"RL",0,0,0,1,0
423,0.536231884057971,11.8844890214027,"RH",0,0,1,0,0
0,0.782608695652174,11.7280368445872,"RM",0,0,0,0,1
0,0.652173913043478,11.7905572015685,"RL",0,0,0,1,0
0,0.949275362318841,12.1281111040605,"RL",0,0,0,1,0
0,0.920289855072464,11.9511803959014,"FV",0,1,0,0,0
0,0.623188405797101,11.6656465519879,"RL",0,0,0,1,0
424,0.760869565217391,12.5135573452781,"RL",0,0,0,1,0
0,0.753623188405797,11.9511803959014,"RL",0,0,0,1,0
0,0.978260869565217,12.3842188309136,"RL",0,0,0,1,0
44,0.942028985507246,12.2779280826306,"RL",0,0,0,1,0
0,0.963768115942029,12.0945822694968,"RL",0,0,0,1,0
0,0.492753623188406,11.982929094216,"RL",0,0,0,1,0
151,0.601449275362319,11.8130300574206,"RL",0,0,0,1,0
105,0.623188405797101,11.8493977015914,"RL",0,0,0,1,0
0,0.557971014492754,11.8130300574206,"RL",0,0,0,1,0
106,0.949275362318841,12.0610468734799,"RL",0,0,0,1,0
0,0.77536231884058,11.5079129231467,"RL",0,0,0,1,0
0,0.27536231884058,12.0287386302473,"RL",0,0,0,1,0
0,0.927536231884058,12.0137007528827,"FV",0,1,0,0,0
0,0.369565217391304,11.3562716549249,"RL",0,0,0,1,0
0,0.594202898550725,11.6082356447746,"RL",0,0,0,1,0
0,0.659420289855073,11.8422292121128,"RL",0,0,0,1,0
210,0.644927536231884,12.091783499128,"RL",0,0,0,1,0
975,0.91304347826087,12.7248664389453,"RL",0,0,0,1,0
16,0.978260869565217,11.9822726287897,"RL",0,0,0,1,0
0,0.942028985507246,12.4525420221479,"RL",0,0,0,1,0
0,0.760869565217391,11.7440371859336,"RL",0,0,0,1,0
0,0.565217391304348,11.7360690162844,"RL",0,0,0,1,0
0,0.27536231884058,11.6699292137799,"RM",0,0,0,0,1
450,0.992753623188406,12.887127001736,"RL",0,0,0,1,0
298,0.753623188405797,12.1807548375459,"RL",0,0,0,1,0
0,0.971014492753623,12.1909590077201,"FV",0,1,0,0,0
423,0.905797101449275,12.7599577587566,"RL",0,0,0,1,0
0,0.072463768115942,12.0317192583854,"RM",0,0,0,0,1
340,0.666666666666667,12.1388638958367,"RL",0,0,0,1,0
0,0.963768115942029,12.0662357003424,"RL",0,0,0,1,0
230,0.971014492753623,12.7293207892947,"RL",0,0,0,1,0
0,0.536231884057971,11.7084922485142,"RL",0,0,0,1,0
0,0.644927536231884,11.8240798936072,"RL",0,0,0,1,0
571,0.710144927536232,12.1281111040605,"RL",0,0,0,1,0
0,0.36231884057971,11.418614785499,"RM",0,0,0,0,1
24,0.971014492753623,12.2356314477717,"RL",0,0,0,1,0
0,0.579710144927536,11.3144745262464,"RL",0,0,0,1,0
0,0.347826086956522,11.3621025752356,"RL",0,0,0,1,0
53,0.971014492753623,12.3544926506484,"RL",0,0,0,1,0
164,0.753623188405797,11.8270425336191,"RL",0,0,0,1,0
16,0.963768115942029,12.106252310248,"RL",0,0,0,1,0
220,0.760869565217391,11.9177236840907,"RL",0,0,0,1,0
0,0.710144927536232,12.0045682693194,"RL",0,0,0,1,0
0,0.710144927536232,11.3850920934603,"RM",0,0,0,0,1
108,0.956521739130435,12.3883942023241,"RL",0,0,0,1,0
0,0.391304347826087,11.5327280922664,"RL",0,0,0,1,0
0,0.550724637681159,11.8130300574206,"RL",0,0,0,1,0
0,0.673913043478261,11.5129254649702,"RL",0,0,0,1,0
0,0.369565217391304,12.0137007528827,"RL",0,0,0,1,0
0,0.27536231884058,11.3504065354725,"RM",0,0,0,0,1
206,0.550724637681159,11.6885580336134,"RL",0,0,0,1,0
0,0.934782608695652,12.3327052964635,"RL",0,0,0,1,0
196,0.898550724637681,12.2209612580239,"RL",0,0,0,1,0
0,0.811594202898551,12.1415341243926,"RL",0,0,0,1,0
76,0.86231884057971,11.982929094216,"RL",0,0,0,1,0
145,0.963768115942029,12.2713452721464,"RL",0,0,0,1,0
0,0.963768115942029,12.0782392740203,"RL",0,0,0,1,0
84,0.971014492753623,12.1756134380455,"RL",0,0,0,1,0
0,0.420289855072464,11.3736633976367,"RM",0,0,0,0,1
14,0.963768115942029,12.1600287070288,"RL",0,0,0,1,0
0,0.753623188405797,12.5672374947418,"RL",0,0,0,1,0
0,0.72463768115942,11.6307085006266,"RL",0,0,0,1,0
324,0.63768115942029,12.0287386302473,"RL",0,0,0,1,0
338,0.978260869565217,12.5881906521085,"RL",0,0,0,1,0
0,0.5,11.5617156291397,"RL",0,0,0,1,0
281,0.72463768115942,11.6784399034478,"RM",0,0,0,0,1
0,0.318840579710145,11.982929094216,"RH",0,0,1,0,0
0,0.347826086956522,12.1909590077201,"RL",0,0,0,1,0
0,0.876811594202899,12.6443275764613,"RL",0,0,0,1,0
295,0.942028985507246,12.3458345879053,"RL",0,0,0,1,0
0,0.478260869565217,11.6931615152732,"RL",0,0,0,1,0
0,0.615942028985507,11.3385720778255,"RL",0,0,0,1,0
70,0.978260869565217,12.6619139609634,"RL",0,0,0,1,0
396,0.934782608695652,12.5672374947418,"RL",0,0,0,1,0
0,0.710144927536232,11.4824662574855,"RM",0,0,0,0,1
0,0.710144927536232,11.289781913656,"RM",0,0,0,0,1
67,0.615942028985507,11.9511803959014,"RL",0,0,0,1,0
252,0.681159420289855,12.0610468734799,"RL",0,0,0,1,0
135,0.963768115942029,12.1858699382127,"RL",0,0,0,1,0
99,0.855072463768116,12.4771679143776,"RL",0,0,0,1,0
0,0.789855072463768,12.5353763926728,"RL",0,0,0,1,0
0,0.601449275362319,11.8465364693104,"RL",0,0,0,1,0
0,0.884057971014493,11.8844890214027,"RL",0,0,0,1,0
75,0.63768115942029,11.6526874073454,"RL",0,0,0,1,0
0,0.536231884057971,11.3492293722994,"RL",0,0,0,1,0
0,0.978260869565217,12.0809911659083,"RL",0,0,0,1,0
0,0.978260869565217,12.2067773971344,"RL",0,0,0,1,0
272,0.666666666666667,12.0137007528827,"RL",0,0,0,1,0
145,0.615942028985507,11.8810347865346,"RL",0,0,0,1,0
210,0.942028985507246,12.4490188241406,"RL",0,0,0,1,0
160,0.753623188405797,12.1007121298723,"RL",0,0,0,1,0
240,0.963768115942029,12.1326951757254,"RL",0,0,0,1,0
0,0.884057971014493,12.4211840251471,"RL",0,0,0,1,0
154,0.985507246376812,12.7218858108072,"RL",0,0,0,1,0
480,0.434782608695652,12.3013828253345,"RL",0,0,0,1,0
0,0.934782608695652,12.2713921116508,"RL",0,0,0,1,0
0,0.456521739130435,11.3022044336546,"C (all)",1,0,0,0,0
0,0.202898550724638,11.4075649493124,"RM",0,0,0,0,1
0,0.384057971014493,11.6127707999399,"RM",0,0,0,0,1
200,0.681159420289855,11.9447078813958,"RL",0,0,0,1,0
0,0.898550724637681,12.7007688873663,"RL",0,0,0,1,0
0,0.876811594202899,12.0895388292742,"RL",0,0,0,1,0
360,0.666666666666667,12.0311238430656,"RL",0,0,0,1,0
0,0.731884057971015,11.9276806199855,"RM",0,0,0,0,1
0,0.557971014492754,11.8130300574206,"RL",0,0,0,1,0
120,0.608695652173913,11.8130300574206,"RL",0,0,0,1,0
0,0.695652173913043,11.9447078813958,"RL",0,0,0,1,0
0,0.550724637681159,11.4240942512636,"RL",0,0,0,1,0
140,0.760869565217391,11.979799201207,"RL",0,0,0,1,0
0,0.971014492753623,12.1756134380455,"RL",0,0,0,1,0
0,0.492753623188406,12.2991075114974,"RL",0,0,0,1,0
0,0.463768115942029,12.0435537160324,"RL",0,0,0,1,0
0,0.702898550724638,11.8407893270548,"RL",0,0,0,1,0
169,0.956521739130435,11.9569700550459,"RM",0,0,0,0,1
0,0.884057971014493,11.7440371859336,"RL",0,0,0,1,0
144,0.717391304347826,11.8844890214027,"RL",0,0,0,1,0
0,0.659420289855073,11.7981044072039,"RL",0,0,0,1,0
100,0.942028985507246,12.1652506510099,"RL",0,0,0,1,0
425,0.666666666666667,11.982929094216,"RL",0,0,0,1,0
0,0.891304347826087,12.1415341243926,"RL",0,0,0,1,0
0,0.869565217391304,11.8981878657609,"RL",0,0,0,1,0
0,0.731884057971015,11.3326019108389,"RM",0,0,0,0,1
0,0.963768115942029,12.4371843664936,"FV",0,1,0,0,0
50,0.956521739130435,11.8313791960888,"RM",0,0,0,0,1
0,0.963768115942029,12.1909590077201,"FV",0,1,0,0,0
0,0.565217391304348,11.4392789248019,"RL",0,0,0,1,0
212,0.920289855072464,11.982929094216,"FV",0,1,0,0,0
0,0.384057971014493,11.8240798936072,"RL",0,0,0,1,0
166,0.673913043478261,11.8913619006905,"RL",0,0,0,1,0
0,0.608695652173913,11.7675676833438,"RL",0,0,0,1,0
0,0.971014492753623,12.0806908119985,"RL",0,0,0,1,0
0,0.304347826086957,11.7519423654407,"RM",0,0,0,0,1
0,0.826086956521739,12.0435537160324,"RL",0,0,0,1,0
0,0.463768115942029,11.7597855429018,"RM",0,0,0,0,1
206,0.768115942028985,11.9640010843304,"RL",0,0,0,1,0
0,0.717391304347826,11.6910716503537,"RL",0,0,0,1,0
45,0.63768115942029,11.8130300574206,"RL",0,0,0,1,0
0,0.630434782608696,11.979799201207,"RL",0,0,0,1,0
304,0.710144927536232,11.5711943730942,"RM",0,0,0,0,1
362,0.884057971014493,12.6915804613119,"RL",0,0,0,1,0
0,0.855072463768116,12.1001564199386,"RL",0,0,0,1,0
0,0.971014492753623,12.5235258763151,"RL",0,0,0,1,0
0,0.927536231884058,12.106252310248,"RL",0,0,0,1,0
42,0.956521739130435,12.5425448821514,"RL",0,0,0,1,0
0,0.891304347826087,12.1441972418121,"RL",0,0,0,1,0
660,0.753623188405797,12.2307652581205,"RL",0,0,0,1,0
0,0.615942028985507,11.7745202026587,"RL",0,0,0,1,0
0,0.58695652173913,11.809319478024,"RL",0,0,0,1,0
0,0.594202898550725,11.6699292137799,"RL",0,0,0,1,0
328,0.978260869565217,12.6698066617623,"RL",0,0,0,1,0
0,0.942028985507246,12.1232343672212,"RL",0,0,0,1,0
0,0.688405797101449,11.7752897294377,"RL",0,0,0,1,0
0,0.623188405797101,11.8493977015914,"RL",0,0,0,1,0
0,0.630434782608696,11.80335376309,"RL",0,0,0,1,0
0,0.347826086956522,11.681824001432,"RM",0,0,0,0,1
196,0.963768115942029,12.2685778508816,"RL",0,0,0,1,0
0,0.608695652173913,11.6262541502772,"RL",0,0,0,1,0
0,0.543478260869565,11.6784399034478,"RL",0,0,0,1,0
170,0.869565217391304,12.0070117647319,"RL",0,0,0,1,0
0,0.601449275362319,11.6526874073454,"RL",0,0,0,1,0
130,0.978260869565217,12.0668105781967,"RL",0,0,0,1,0
0,0.956521739130435,12.4645833406817,"RL",0,0,0,1,0
0,0.956521739130435,12.2783933071098,"RL",0,0,0,1,0
180,0.782608695652174,11.8493977015914,"RM",0,0,0,0,1
0,0.405797101449275,11.8130300574206,"RL",0,0,0,1,0
0,0.86231884057971,11.4457167152768,"RL",0,0,0,1,0
0,0.0579710144927536,11.6741936125664,"RM",0,0,0,0,1
0,0.891304347826087,12.3863086958331,"RL",0,0,0,1,0
0,0.905797101449275,12.0376539939052,"RL",0,0,0,1,0
0,0.391304347826087,11.5327280922664,"RM",0,0,0,0,1
0,0.565217391304348,11.6868787720937,"RL",0,0,0,1,0
0,0.0217391304347826,11.4510500612521,"RL",0,0,0,1,0
0,0.760869565217391,12.1858699382127,"RL",0,0,0,1,0
0,0.347826086956522,11.8775685785581,"RL",0,0,0,1,0
0,0.572463768115942,11.8422292121128,"RL",0,0,0,1,0
44,0.753623188405797,12.1934938633233,"RL",0,0,0,1,0
340,0.971014492753623,12.9595385187621,"RL",0,0,0,1,0
0,0.630434782608696,11.289781913656,"RL",0,0,0,1,0
0,0.5,11.289781913656,"RL",0,0,0,1,0
0,0.405797101449275,11.9117015849276,"RM",0,0,0,0,1
85,0.818840579710145,12.1007121298723,"RL",0,0,0,1,0
0,0.5,12.0696800206246,"RL",0,0,0,1,0
0,0.391304347826087,11.6690741474602,"RM",0,0,0,0,1
0,0.347826086956522,11.870599909242,"RM",0,0,0,0,1
0,0.565217391304348,11.7280368445872,"RL",0,0,0,1,0
132,0.630434782608696,11.9177236840907,"RL",0,0,0,1,0
0,0.608695652173913,12.3458345879053,"RL",0,0,0,1,0
0,0.420289855072464,11.6994050319128,"RM",0,0,0,0,1
288,0.673913043478261,12.2150323869016,"RL",0,0,0,1,0
0,0.753623188405797,12.2922503417712,"RL",0,0,0,1,0
0,0.673913043478261,12.1001564199386,"RL",0,0,0,1,0
166,0.978260869565217,12.3458345879053,"RL",0,0,0,1,0
186,0.978260869565217,12.3678853256926,"RL",0,0,0,1,0
270,0.739130434782609,12.1281111040605,"RL",0,0,0,1,0
0,0.768115942028985,11.8913619006905,"RL",0,0,0,1,0
72,0.594202898550725,12.3194013308372,"RL",0,0,0,1,0
0,0.695652173913043,11.7675676833438,"RL",0,0,0,1,0
0,0.702898550724638,11.5987269436613,"RL",0,0,0,1,0
0,0.768115942028985,12.1756134380455,"RL",0,0,0,1,0
268,0.992753623188406,12.359523080243,"RL",0,0,0,1,0
72,0.985507246376812,12.410441041518,"RL",0,0,0,1,0
0,0.927536231884058,12.0610468734799,"RL",0,0,0,1,0
0,0.456521739130435,12.3673407931263,"RL",0,0,0,1,0
0,0.760869565217391,12.0494188354848,"RL",0,0,0,1,0
0,0.623188405797101,12.0015054797889,"RL",0,0,0,1,0
0,0.971014492753623,12.0546681913709,"FV",0,1,0,0,0
0,0.536231884057971,12.2085695257288,"RL",0,0,0,1,0
0,0.434782608695652,12.3842188309136,"RL",0,0,0,1,0
337,0.869565217391304,12.5602444592508,"RL",0,0,0,1,0
0,0.811594202898551,11.6910716503537,"RL",0,0,0,1,0
0,0.391304347826087,11.6526874073454,"RM",0,0,0,0,1
0,0.355072463768116,11.950535026405,"RL",0,0,0,1,0
0,0.594202898550725,11.4403547721354,"RL",0,0,0,1,0
0,0.855072463768116,12.4292161968444,"RL",0,0,0,1,0
186,0.985507246376812,12.8802918162046,"RM",0,0,0,0,1
0,0.347826086956522,11.6952470217642,"RL",0,0,0,1,0
226,0.659420289855073,12.1372583295298,"RL",0,0,0,1,0
0,0.376811594202899,11.5607627943844,"RL",0,0,0,1,0
0,0.202898550724638,11.4616321705827,"RL",0,0,0,1,0
0,0.884057971014493,12.4760997827432,"RL",0,0,0,1,0
95,0.942028985507246,12.1807548375459,"RL",0,0,0,1,0
0,0.920289855072464,12.1495022940418,"RL",0,0,0,1,0
149,0.644927536231884,12.0317192583854,"RL",0,0,0,1,0
456,0.920289855072464,12.0668105781967,"FV",0,1,0,0,0
0,0.384057971014493,11.7360690162844,"RM",0,0,0,0,1
425,0.920289855072464,12.0137007528827,"RM",0,0,0,0,1
143,0.702898550724638,11.9703503120091,"RL",0,0,0,1,0
0,0.963768115942029,12.0782392740203,"RL",0,0,0,1,0
0,0.971014492753623,12.2977854534534,"RL",0,0,0,1,0
0,0.318840579710145,11.8775685785581,"RM",0,0,0,0,1
0,0.934782608695652,12.0895388292742,"RL",0,0,0,1,0
51,0.659420289855073,11.9049675527463,"RL",0,0,0,1,0
0,0.710144927536232,11.6617764117026,"RL",0,0,0,1,0
0,0.91304347826087,12.1955171315907,"RL",0,0,0,1,0
0,0.384057971014493,11.6699292137799,"RM",0,0,0,0,1
171,0.927536231884058,12.2690474446916,"RL",0,0,0,1,0
0,0.746376811594203,11.9414558460094,"RL",0,0,0,1,0
234,0.855072463768116,12.5131896306206,"RL",0,0,0,1,0
0,0.681159420289855,11.580584113444,"RH",0,0,1,0,0
120,0.949275362318841,12.2060726455302,"RL",0,0,0,1,0
0,0.652173913043478,11.8493977015914,"RL",0,0,0,1,0
420,0.971014492753623,12.5776362019627,"RL",0,0,0,1,0
0,0.869565217391304,12.1495022940418,"RL",0,0,0,1,0
0,0.840579710144927,12.0076217068063,"RL",0,0,0,1,0
0,0.5,11.6351430976945,"RL",0,0,0,1,0
0,0.673913043478261,11.8844890214027,"RL",0,0,0,1,0
0,0.652173913043478,11.809319478024,"RL",0,0,0,1,0
0,0.681159420289855,11.7360690162844,"RL",0,0,0,1,0
0,0.768115942028985,11.6262541502772,"RM",0,0,0,0,1
72,0.992753623188406,12.343466568969,"FV",0,1,0,0,0
0,0.543478260869565,11.2960124634067,"RM",0,0,0,0,1
236,0.717391304347826,11.4240942512636,"RM",0,0,0,0,1
0,0.666666666666667,11.6526874073454,"RL",0,0,0,1,0
0,0.695652173913043,11.805595078933,"RL",0,0,0,1,0
320,0.557971014492754,11.870599909242,"RL",0,0,0,1,0
44,0.572463768115942,11.8342840637814,"RL",0,0,0,1,0
0,0.956521739130435,12.1226910365911,"RL",0,0,0,1,0
63,0.623188405797101,11.8844890214027,"RL",0,0,0,1,0
74,0.978260869565217,12.273731294004,"RL",0,0,0,1,0
300,0.673913043478261,11.8981878657609,"RL",0,0,0,1,0
766,0.985507246376812,12.8139178962537,"RL",0,0,0,1,0
0,0.63768115942029,11.7519423654407,"RL",0,0,0,1,0
1,0.760869565217391,12.1547793511426,"RL",0,0,0,1,0
120,0.652173913043478,11.7943379244084,"RL",0,0,0,1,0
0,0.652173913043478,11.5307653830986,"RL",0,0,0,1,0
180,0.630434782608696,11.8635823365834,"RL",0,0,0,1,0
0,0.282608695652174,11.7752897294377,"RH",0,0,1,0,0
0,0.304347826086957,11.8414159318498,"RL",0,0,0,1,0
106,0.949275362318841,12.0753943218881,"RL",0,0,0,1,0
0,0.956521739130435,12.1807548375459,"RL",0,0,0,1,0
0,0.963768115942029,11.8670972786908,"RL",0,0,0,1,0
32,0.971014492753623,12.4908755772311,"RL",0,0,0,1,0
252,0.949275362318841,12.3234111379474,"RL",0,0,0,1,0
0,0.978260869565217,12.4225057319529,"RL",0,0,0,1,0
81,0.739130434782609,12.0435537160324,"RL",0,0,0,1,0
0,0.41304347826087,12.3458345879053,"RL",0,0,0,1,0
74,0.811594202898551,12.0895388292742,"RL",0,0,0,1,0
0,0.963768115942029,12.136186518066,"FV",0,1,0,0,0
335,0.753623188405797,12.04296530766,"RL",0,0,0,1,0
0,0.326086956521739,11.7714361601217,"RM",0,0,0,0,1
0,0.565217391304348,11.6868787720937,"RL",0,0,0,1,0
0,0.695652173913043,12.4049235042753,"RL",0,0,0,1,0
163,0.949275362318841,12.0537952100846,"RL",0,0,0,1,0
0,0.695652173913043,11.7752897294377,"RL",0,0,0,1,0
0,0.739130434782609,12.5913350463208,"RL",0,0,0,1,0
92,0.949275362318841,12.0161220615717,"RL",0,0,0,1,0
0,0.427536231884058,11.7558716435806,"RM",0,0,0,0,1
554,0.884057971014493,12.6165252951494,"RL",0,0,0,1,0
0,0.36231884057971,11.5119249646366,"RL",0,0,0,1,0
182,0.963768115942029,12.1547793511426,"RL",0,0,0,1,0
0,0.702898550724638,11.9250351157971,"RL",0,0,0,1,0
0,0.920289855072464,12.106252310248,"RL",0,0,0,1,0
0,0.608695652173913,11.7667921889273,"RL",0,0,0,1,0
0,0.615942028985507,11.9922604216448,"RL",0,0,0,1,0
0,0.340579710144928,12.1034860567551,"RL",0,0,0,1,0
0,0.91304347826087,12.106252310248,"RH",0,0,1,0,0
218,0.920289855072464,12.1221474105924,"FV",0,1,0,0,0
0,0.27536231884058,11.7117763237154,"RM",0,0,0,0,1
0,0.985507246376812,12.8439713518596,"RL",0,0,0,1,0
632,0.456521739130435,12.8505546541088,"RL",0,0,0,1,0
180,0.623188405797101,11.8775685785581,"RL",0,0,0,1,0
0,0.77536231884058,12.4684369099977,"RL",0,0,0,1,0
0,0.695652173913043,12.13215696258,"RL",0,0,0,1,0
114,0.673913043478261,11.8277362048103,"RL",0,0,0,1,0
84,0.630434782608696,12.083905011556,"RL",0,0,0,1,0
0,0.27536231884058,11.8422292121128,"RL",0,0,0,1,0
567,0.550724637681159,11.8277362048103,"RL",0,0,0,1,0
0,0.72463768115942,11.9953516142145,"RL",0,0,0,1,0
359,0.688405797101449,12.1955171315907,"RL",0,0,0,1,0
0,0.347826086956522,11.1331281036106,"C (all)",1,0,0,0,0
110,0.942028985507246,12.3327052964635,"RL",0,0,0,1,0
54,0.855072463768116,12.1007121298723,"RL",0,0,0,1,0
0,0.760869565217391,11.9217183631711,"RL",0,0,0,1,0
0,0.717391304347826,11.8422292121128,"RL",0,0,0,1,0
0,0.340579710144928,12.0376539939052,"RL",0,0,0,1,0
0,0.485507246376812,11.7943379244084,"RM",0,0,0,0,1
451,0.659420289855073,11.870599909242,"RL",0,0,0,1,0
621,0.666666666666667,12.1547793511426,"RL",0,0,0,1,0
0,0.927536231884058,12.5353763926728,"RL",0,0,0,1,0
788,0.971014492753623,12.5461099483159,"RL",0,0,0,1,0
86,0.666666666666667,12.1034860567551,"RL",0,0,0,1,0
268,0.72463768115942,11.6910716503537,"RM",0,0,0,0,1
0,0.144927536231884,11.5852461265499,"RM",0,0,0,0,1
0,0.753623188405797,12.0008917945901,"RL",0,0,0,1,0
0,0.601449275362319,11.6526874073454,"RL",0,0,0,1,0
168,0.695652173913043,11.8386256046095,"RL",0,0,0,1,0
148,0.659420289855073,11.9511803959014,"RL",0,0,0,1,0
82,0.963768115942029,11.8493977015914,"RM",0,0,0,0,1
796,0.985507246376812,11.982929094216,"RL",0,0,0,1,0
0,0.630434782608696,11.9447078813958,"RL",0,0,0,1,0
344,0.920289855072464,12.3238556811866,"RL",0,0,0,1,0
0,0.507246376811594,12.0867258878976,"RL",0,0,0,1,0
391,0.884057971014493,12.5776362019627,"RL",0,0,0,1,0
228,0.963768115942029,12.3544926506484,"RL",0,0,0,1,0
117,0.956521739130435,11.7752897294377,"RM",0,0,0,0,1
300,0.971014492753623,12.6915804613119,"RL",0,0,0,1,0
94,0.963768115942029,12.2184951655287,"RL",0,0,0,1,0
0,0.884057971014493,11.8350089641393,"RL",0,0,0,1,0
0,0.550724637681159,11.8981878657609,"RM",0,0,0,0,1
88,0.86231884057971,12.096257779523,"RL",0,0,0,1,0
0,0.630434782608696,12.7218858108072,"RL",0,0,0,1,0
80,0.963768115942029,12.2209612580239,"RL",0,0,0,1,0
336,0.855072463768116,12.618182296357,"RL",0,0,0,1,0
165,0.920289855072464,12.7164021462475,"RL",0,0,0,1,0
0,0.594202898550725,11.6868787720937,"RL",0,0,0,1,0
0,0.702898550724638,12.2399908637336,"RL",0,0,0,1,0
270,0.985507246376812,12.5964004268844,"RL",0,0,0,1,0
0,0.971014492753623,12.2496109475447,"FV",0,1,0,0,0
178,0.934782608695652,12.5245263766487,"RL",0,0,0,1,0
132,0.594202898550725,11.6172854802945,"RL",0,0,0,1,0
0,0.615942028985507,11.9608112889623,"RL",0,0,0,1,0
0,0.557971014492754,11.1913418408428,"RL",0,0,0,1,0
0,0.869565217391304,12.1547793511426,"RL",0,0,0,1,0
0,0.492753623188406,11.3205535723228,"RL",0,0,0,1,0
428,0.971014492753623,11.8981878657609,"RL",0,0,0,1,0
0,0.427536231884058,11.2772031314492,"RH",0,0,1,0,0
0,0.797101449275362,11.7791285057449,"RL",0,0,0,1,0
0,0.347826086956522,12.4529327234617,"RM",0,0,0,0,1
0,0.91304347826087,12.0810761553555,"RL",0,0,0,1,0
410,0.971014492753623,12.3327052964635,"RL",0,0,0,1,0
0,0.753623188405797,11.7943379244084,"RL",0,0,0,1,0
0,0.478260869565217,11.5129254649702,"RL",0,0,0,1,0
0,0.478260869565217,11.740061037554,"RM",0,0,0,0,1
312,0.710144927536232,11.7360690162844,"RM",0,0,0,0,1
360,0.760869565217391,12.0311238430656,"RL",0,0,0,1,0
564,0.731884057971015,11.8130300574206,"RL",0,0,0,1,0
0,0.942028985507246,12.2060726455302,"RL",0,0,0,1,0
0,0.72463768115942,11.7636841833174,"RL",0,0,0,1,0
0,0.717391304347826,11.7199396343546,"RL",0,0,0,1,0
0,0.949275362318841,11.9511803959014,"RL",0,0,0,1,0
149,0.942028985507246,12.3392914893164,"RL",0,0,0,1,0
0,0.405797101449275,12.083905011556,"RL",0,0,0,1,0
0,0.971014492753623,11.9565530341727,"RL",0,0,0,1,0
0,0.347826086956522,11.5945054519627,"RM",0,0,0,0,1
0,0.695652173913043,12.4780063610138,"RL",0,0,0,1,0
100,0.971014492753623,12.5548368821687,"RL",0,0,0,1,0
0,0.91304347826087,12.2783933071098,"RL",0,0,0,1,0
0,0,11.7117763237154,"RM",0,0,0,0,1
368,0.702898550724638,12.2060726455302,"RL",0,0,0,1,0
318,0.652173913043478,12.0494188354848,"RL",0,0,0,1,0
0,0.471014492753623,11.8122890421958,"RM",0,0,0,0,1
579,0.891304347826087,12.9239124386805,"RL",0,0,0,1,0
0,0.927536231884058,12.3673407931263,"RL",0,0,0,1,0
143,0.695652173913043,12.0435537160324,"RL",0,0,0,1,0
65,0.681159420289855,11.6082356447746,"RL",0,0,0,1,0
0,0.717391304347826,11.9177236840907,"RL",0,0,0,1,0
216,0.927536231884058,12.0867258878976,"FV",0,1,0,0,0
66,0.956521739130435,12.6603279178078,"RL",0,0,0,1,0
0,0.355072463768116,12.1495022940418,"RL",0,0,0,1,0
16,0.963768115942029,12.4684369099977,"RL",0,0,0,1,0
0,0.347826086956522,11.5607627943844,"RL",0,0,0,1,0
0,0.971014492753623,11.9635678694873,"RL",0,0,0,1,0
0,0.963768115942029,11.8786235774066,"FV",0,1,0,0,0
0,0.927536231884058,12.2830336866663,"FV",0,1,0,0,0
158,0.920289855072464,12.170445467887,"RL",0,0,0,1,0
0,0.760869565217391,11.7519423654407,"RM",0,0,0,0,1
170,0.949275362318841,11.8775685785581,"RM",0,0,0,0,1
171,0.949275362318841,12.3544926506484,"RL",0,0,0,1,0
0,0.347826086956522,11.5617156291397,"RL",0,0,0,1,0
0,0.601449275362319,12.0167264737993,"RL",0,0,0,1,0
0,0.91304347826087,12.5219776769257,"RL",0,0,0,1,0
0,0.963768115942029,12.4292161968444,"FV",0,1,0,0,0
80,0.978260869565217,12.3842188309136,"RL",0,0,0,1,0
0,0.420289855072464,11.418614785499,"RL",0,0,0,1,0
0,0.5,11.6699292137799,"RL",0,0,0,1,0
408,0.731884057971015,11.3265958867787,"RM",0,0,0,0,1
0,0.971014492753623,12.0287386302473,"RL",0,0,0,1,0
0,0.710144927536232,12.3779229024568,"RL",0,0,0,1,0
0,0.347826086956522,11.9640010843304,"RM",0,0,0,0,1
0,0.333333333333333,11.6262541502772,"RL",0,0,0,1,0
0,0.485507246376812,11.5617156291397,"RL",0,0,0,1,0
0,0.36231884057971,11.740061037554,"RM",0,0,0,0,1
184,0.768115942028985,12.4292161968444,"RL",0,0,0,1,0
0,0.318840579710145,11.8204101647182,"RM",0,0,0,0,1
160,0.971014492753623,12.8413258476712,"RL",0,0,0,1,0
0,0.5,11.7829526021833,"RM",0,0,0,0,1
244,0.927536231884058,12.3673407931263,"RL",0,0,0,1,0
0,0.688405797101449,11.7280368445872,"RL",0,0,0,1,0
0,0.688405797101449,11.7199396343546,"RL",0,0,0,1,0
0,0.239130434782609,12.0015054797889,"RM",0,0,0,0,1
45,0.971014492753623,12.4154336524317,"RL",0,0,0,1,0
245,0.963768115942029,12.546867668291,"RL",0,0,0,1,0
0,0.550724637681159,11.982929094216,"RL",0,0,0,1,0
0,0.347826086956522,11.8313791960888,"RM",0,0,0,0,1
0,0.565217391304348,11.8350089641393,"RL",0,0,0,1,0
0,0.384057971014493,11.8310154935934,"RL",0,0,0,1,0
0,0.41304347826087,11.6952470217642,"RM",0,0,0,0,1
0,0.956521739130435,12.170445467887,"RL",0,0,0,1,0
0,0.971014492753623,12.1749895321164,"RL",0,0,0,1,0
84,0.978260869565217,12.5529265202611,"RL",0,0,0,1,0
0,0.311594202898551,11.5617156291397,"RL",0,0,0,1,0
174,0.956521739130435,12.5245263766487,"RM",0,0,0,0,1
0,0.72463768115942,11.7981044072039,"RL",0,0,0,1,0
0,0.818840579710145,11.6262541502772,"RL",0,0,0,1,0
0,0.27536231884058,11.740061037554,"RM",0,0,0,0,1
123,0.826086956521739,12.2783933071098,"RL",0,0,0,1,0
0,0.934782608695652,12.3458345879053,"RL",0,0,0,1,0
0,0.565217391304348,11.8493977015914,"RL",0,0,0,1,0
0,0.557971014492754,11.4075649493124,"RL",0,0,0,1,0
366,0.963768115942029,12.4568313638774,"RL",0,0,0,1,0
0,0.369565217391304,12.2404740722475,"RL",0,0,0,1,0
130,0.978260869565217,12.0776709307256,"RL",0,0,0,1,0
0,0.0942028985507246,11.7158663089669,"RM",0,0,0,0,1
731,0.91304347826087,12.7367008965923,"RL",0,0,0,1,0
0,0.659420289855073,11.7280368445872,"RL",0,0,0,1,0
312,0.702898550724638,12.3149270504423,"RL",0,0,0,1,0
420,0.695652173913043,12.1001564199386,"RL",0,0,0,1,0
0,0.760869565217391,11.7558716435806,"RL",0,0,0,1,0
170,0.949275362318841,11.8240798936072,"RM",0,0,0,0,1
0,0.681159420289855,12.5244172797888,"RL",0,0,0,1,0
0,0.623188405797101,11.8775685785581,"RL",0,0,0,1,0
243,0.630434782608696,11.8635823365834,"RL",0,0,0,1,0
448,0.884057971014493,12.5098740998618,"RL",0,0,0,1,0
0,0.528985507246377,11.8493977015914,"RL",0,0,0,1,0
294,0.492753623188406,11.6868787720937,"RM",0,0,0,0,1
310,0.789855072463768,12.116694834379,"RL",0,0,0,1,0
0,0.963768115942029,12.1659795519637,"RL",0,0,0,1,0
0,0.753623188405797,11.8758309586596,"RL",0,0,0,1,0
0,0.398550724637681,11.0744205027839,"RL",0,0,0,1,0
318,0.927536231884058,12.136186518066,"RL",0,0,0,1,0
0,0.760869565217391,11.982929094216,"RL",0,0,0,1,0
237,0.652173913043478,12.0668105781967,"RL",0,0,0,1,0
0,0.717391304347826,11.6994050319128,"RL",0,0,0,1,0
426,0.985507246376812,12.8856709532443,"RL",0,0,0,1,0
0,0.615942028985507,11.9163885704077,"RM",0,0,0,0,1
96,0.77536231884058,12.1909590077201,"RL",0,0,0,1,0
0,0.36231884057971,12.1600287070288,"RL",0,0,0,1,0
147,0.956521739130435,11.9137129835273,"RM",0,0,0,0,1
160,0.985507246376812,12.6443275764613,"FV",0,1,0,0,0
0,0.318840579710145,11.7035458245789,"RL",0,0,0,1,0
106,0.956521739130435,12.0984874348502,"RL",0,0,0,1,0
0,0.681159420289855,11.7675676833438,"RL",0,0,0,1,0
189,0.652173913043478,11.9697172002437,"RL",0,0,0,1,0
438,0.891304347826087,12.3883942023241,"RL",0,0,0,1,0
0,0.27536231884058,11.6262541502772,"RL",0,0,0,1,0
0,0.710144927536232,11.4295438560312,"RM",0,0,0,0,1
0,0.739130434782609,11.8204101647182,"RL",0,0,0,1,0
194,0.985507246376812,12.5675510344332,"RL",0,0,0,1,0
80,0.963768115942029,11.8844890214027,"RM",0,0,0,0,1
0,0.971014492753623,11.3445068133453,"RL",0,0,0,1,0
0,0.956521739130435,12.1281111040605,"FV",0,1,0,0,0
0,0.920289855072464,12.0725412529057,"RL",0,0,0,1,0
119,0.768115942028985,12.2548628096996,"RL",0,0,0,1,0
0,0.5,12.493129522588,"RL",0,0,0,1,0
0,0.565217391304348,11.8644622310528,"RL",0,0,0,1,0
0,0.673913043478261,11.901583454762,"RL",0,0,0,1,0
